"Name","TID","InfoTID","SWF","HousingSpace","BarrackLevel","LaboratoryLevel","Speed","Hitpoints","TrainingTime","TrainingResource","TrainingCost","UpgradeTimeH","UpgradeTimeM","UpgradeResource","UpgradeCost","DonateCost","AttackRange","AttackSpeed","DPS","PreferedTargetDamageMod","DamageRadius","AreaDamageIgnoresWalls","SelfAsAoeCenter","IconSWF","IconExportName","BigPicture","BigPictureSWF","Projectile","AltProjectile","PreferedTargetBuilding","PreferedTargetBuildingClass","PreferredTargetNoTargeting","DeployEffect","AttackEffect","AttackEffect2","HitEffect","HitEffect2","IsFlying","AirTargets","GroundTargets","AttackCount","DieEffect","DieEffect2","Animation","UnitOfType","IsJumper","MovementOffsetAmount","MovementOffsetSpeed","TombStone","DieDamage","DieDamageRadius","DieDamageEffect","DieDamageDelay","DisableProduction","SecondaryTroop","IsSecondaryTroop","SecondaryTroopCnt","SecondarySpawnDist","RandomizeSecSpawnDist","PickNewTargetAfterPushback","PushbackSpeed","SummonTroop","SummonTroopCount","SummonCooldown","SummonEffect","SummonLimit","SpawnIdle","SpawnOnAttack","StrengthWeight","ChildTroop","ChildTroopCount","SpeedDecreasePerChildTroopLost","ChildTroop0_X","ChildTroop0_Y","ChildTroop1_X","ChildTroop1_Y","ChildTroop2_X","ChildTroop2_Y","AttackMultipleBuildings","IncreasingDamage","DPSLv2","DPSLv3","Lv2SwitchTime","Lv3SwitchTime","AttackEffectLv2","AttackEffectLv3","AttackEffectLv4","TransitionEffectLv2","TransitionEffectLv3","TransitionEffectLv4","HitEffectOffset","TargetedEffectOffset","SecondarySpawnOffset","CustomDefenderIcon","SpecialMovementMod","InvisibilityRadius","HealthReductionPerSecond","AutoMergeDistance","AutoMergeGroupSize","IsUnderground","ProjectileBounces","FriendlyGroupWeight","EnemyGroupWeight","NewTargetAttackDelay","TriggersTraps","ChainShootingDistance","PreAttackEffect","MoveStartsEffect","MoveTrailEffect","BecomesTargetableEffect","BoostedIfAlone","BoostRadius","BoostDmgPerfect","BoostAttackSpeed","HideEffect","VillageType","UnitsInCamp","SpecialAbilityLevel","SpecialAbilityName","SpecialAbilityInfo","SpecialAbilityType","SpecialAbilityAttribute","SpecialAbilityAttribute2","SpecialAbilityAttribute3","SpecialAbilitySpell","SpecialAbilityEffect","DisableDonate","ScaleByTH","EnabledByCalendar","LoseHpPerTick","LoseHpInterval"
"String","String","String","String","int","int","int","int","int","int","String","int","int","int","String","int","int","int","int","int","int","int","boolean","boolean","String","String","String","String","String","String","String","String","boolean","String","String","String","String","String","boolean","boolean","boolean","int","String","String","String","int","boolean","int","int","String","int","int","String","int","boolean","String","boolean","int","int","boolean","boolean","int","String","int","int","String","int","int","boolean","int","String","int","int","int","int","int","int","int","int","boolean","boolean","int","int","int","int","String","String","String","String","String","String","int","int","int","String","int","int","int","int","int","boolean","int","int","int","int","boolean","int","String","String","String","String","boolean","int","int","int","String","int","int","int","String","String","String","int","int","int","String","String","boolean","boolean","boolean","int","int"
"Barbarian","TID_BARBARIAN","TID_CHARACTER_INFO_BARBARIAN","sc/characters.cs",1,1,1,200,45,20,"Elixir",25,6,,"Elixir",50000,1,40,1000,8,1,,,,"sc/ui.sc","icon_unit_barbarian","unit_barbarian_big","sc/info_barbarian.sc",,,,,,"Barbarian Deploy","Barbarian Attack",,"Barbarian Hit",,"false","false","true",,"Barbarian Die",,"Barbarian",1,"false",,0,"TombStone",,,,,,,,,,,,,,,,,,,,100,,,,,,,,,,,,,,,,,,,,,,,-50,,,,,,,,,,100,100,,"true",,,,,,,,,,,,,,,,,,,,,,,,,,
,,,,,,1,,54,,,40,24,,,150000,,,,11,,,,,,,,,,,,,,,,,,,,,,,,,"Barbarian",1,,,,,,,,,,,,,,,,,,,,,,,,100,,,,,,,,,,,,,,,,,,,,,,,,,,,,,,,,,,,,,,,,,,,,,,,,,,,,,,,,,,,,,,
,,,,,,3,,65,,,60,72,,,500000,,,,14,,,,,,,,,,,,,,,,,,,,,,,,,"Barbarian3",1,,,,,,,,,,,,,,,,,,,,,,,,90,,,,,,,,,,,,,,,,,,,,,,,,,,,,,,,,,,,,,,,,,,,,,,,,,,,,,,,,,,,,,,
,,,,,,5,,78,,,100,120,,,1500000,,,,18,,,,,,,,,,,,,,,,,,,,,,,,,"Barbarian3",1,,,,,,,,,,,,,,,,,,,,,,,,80,,,,,,,,,,,,,,,,,,,,,,,,,,,,,,,,,,,,,,,,,,,,,,,,,,,,,,,,,,,,,,
,,,,,,6,,95,,,150,240,,,4500000,,,,23,,,,,,,,,,,,,,,,,,,,,,,,,"Barbarian5",1,,,,,,,,,,,,,,,,,,,,,,,,70,,,,,,,,,,,,,,,,,,,,,,,,,,,,,,,,,,,,,,,,,,,,,,,,,,,,,,,,,,,,,,
,,,,,,7,,110,,,200,336,,,6000000,,,,26,,,,,,,,,,,,,,,,,,,,,,,,,"Barbarian6",1,,,,,,,,,,,,,,,,,,,,,,,,65,,,,,,,,,,,,,,,,,,,,,,,,,,,,,,,,,,,,,,,,,,,,,,,,,,,,,,,,,,,,,,
,,,,,,8,,125,,,250,,,,,,,,30,,,,,,,,,,,,,,,,,,,,,,,,,"Barbarian7",1,,,,,,,,,,,,,,,,,,,,,,,,60,,,,,,,,,,,,,,,,,,,,,,,,,,,,,,,,,,,,,,,,,,,,,,,,,,,,,,,,,,,,,,
"Archer","TID_ARCHER","TID_CHARACTER_INFO_ARCHER","sc/characters.cs",1,2,1,300,20,24,"Elixir",50,12,,"Elixir",50000,1,350,1000,7,1,,,,"sc/ui.sc","icon_unit_archer","unit_archer_big","sc/info_archer.sc","Arrow_small",,,,,"Archer Deploy","Archer Attack",,"Archer Hit",,"false","true","true",,"Archer Die",,"Archer",1,"false",,0,"TombStone",,,,,,,,,,,,,,,,,,,,150,,,,,,,,,,,,,,,,,,,,,,,-50,,,,,,,,,,100,100,,"true",,,,,,,,,,,,,,,,,,,,,,,,,,
,,,,,,1,,23,,,80,48,,,250000,,,,9,,,,,,,,,"Arrow_small",,,,,,,,,,,,,,,,"Archer",1,,,,,,,,,,,,,,,,,,,,,,,,150,,,,,,,,,,,,,,,,,,,,,,,,,,,,,,,,,,,,,,,,,,,,,,,,,,,,,,,,,,,,,,
,,,,,,3,,28,,,120,72,,,750000,,,,12,,,,,,,,,"Arrow_small_fire",,,,,,,,,,,,,,,,"Archer2",1,,,,,,,,,,,,,,,,,,,,,,,,140,,,,,,,,,,,,,,,,,,,,,,,,,,,,,,,,,,,,,,,,,,,,,,,,,,,,,,,,,,,,,,
,,,,,,5,,33,,,200,120,,,2250000,,,,16,,,,,,,,,"Arrow_small_fire",,,,,,,,,,,,,,,,"Archer2",1,,,,,,,,,,,,,,,,,,,,,,,,130,,,,,,,,,,,,,,,,,,,,,,,,,,,,,,,,,,,,,,,,,,,,,,,,,,,,,,,,,,,,,,
,,,,,,6,,40,,,300,240,,,6000000,,,,20,,,,,,,,,"Arrow_small_elixirFire",,,,,,,,,,,,,,,,"Archer3",1,,,,,,,,,,,,,,,,,,,,,,,,120,,,,,,,,,,,,,,,,,,,,,,,,,,,,,,,,,,,,,,,,,,,,,,,,,,,,,,,,,,,,,,
,,,,,,7,,44,,,400,336,,,7500000,,,,22,,,,,,,,,"Arrow_small_darkElixirFire",,,,,,,,,,,,,,,,"Archer6",1,,,,,,,,,,,,,,,,,,,,,,,,110,,,,,,,,,,,,,,,,,,,,,,,,,,,,,,,,,,,,,,,,,,,,,,,,,,,,,,,,,,,,,,
,,,,,,8,,48,,,500,,,,,,,,25,,,,,,,,,"Arrow_small_darkElixirFire2",,,,,,,,,,,,,,,,"Archer7",1,,,,,,,,,,,,,,,,,,,,,,,,100,,,,,,,,,,,,,,,,,,,,,,,,,,,,,,,,,,,,,,,,,,,,,,,,,,,,,,,,,,,,,,
"Goblin","TID_GOBLIN","TID_CHARACTER_INFO_GOBLIN","sc/characters.cs",1,4,1,400,25,28,"Elixir",25,12,,"Elixir",50000,1,40,1000,11,2,,,,"sc/ui.sc","icon_unit_goblin","unit_goblin_big","sc/info_goblin.sc",,,,"Resource",,"Goblin Deploy","Goblin Attack",,"Goblin Hit",,"false","false","true",,"Goblin Die",,"Goblin",1,"false",,0,"TombStone",,,,,,,,,,,,,,,,,,,,50,,,,,,,,,,,,,,,,,,,,,,,-50,,,,,,,,,,50,50,,"true",,,,,,,,,,,,,,,,,,,,,,,,,,
,,,,,,1,,30,,,40,48,,,250000,,,,14,,,,,,,,,,,,,,,,,,,,,,,,,"Goblin",1,,,,,,,,,,,,,,,,,,,,,,,,50,,,,,,,,,,,,,,,,,,,,,,,,,,,,,,,,,,,,,,,,,,,,,,,,,,,,,,,,,,,,,,
,,,,,,3,,36,,,60,72,,,750000,,,,19,,,,,,,,,,,,,,,,,,,,,,,,,"Goblin2",1,,,,,,,,,,,,,,,,,,,,,,,,45,,,,,,,,,,,,,,,,,,,,,,,,,,,,,,,,,,,,,,,,,,,,,,,,,,,,,,,,,,,,,,
,,,,,,5,,43,,,80,120,,,2250000,,,,24,,,,,,,,,,,,,,,,,,,,,,,,,"Goblin2",1,,,,,,,,,,,,,,,,,,,,,,,,40,,,,,,,,,,,,,,,,,,,,,,,,,,,,,,,,,,,,,,,,,,,,,,,,,,,,,,,,,,,,,,
,,,,,,6,,52,,,100,192,,,4500000,,,,32,,,,,,,,,,,,,,,,,,,,,,,,,"Goblin3",1,,,,,,,,,,,,,,,,,,,,,,,,35,,,,,,,,,,,,,,,,,,,,,,,,,,,,,,,,,,,,,,,,,,,,,,,,,,,,,,,,,,,,,,
,,,,,,7,,68,,,150,240,,,6750000,,,,42,,,,,,,,,,,,,,,,,,,,,,,,,"Goblin6",1,,,,,,,,,,,,,,,,,,,,,,,,30,,,,,,,,,,,,,,,,,,,,,,,,,,,,,,,,,,,,,,,,,,,,,,,,,,,,,,,,,,,,,,
,,,,,,8,,74,,,200,,,,,,,,52,,,,,,,,,,,,,,,,,,,,,,,,,"Goblin7",1,,,,,,,,,,,,,,,,,,,,,,,,30,,,,,,,,,,,,,,,,,,,,,,,,,,,,,,,,,,,,,,,,,,,,,,,,,,,,,,,,,,,,,,
"Giant","TID_GIANT","TID_CHARACTER_INFO_GIANT","sc/characters.cs",5,3,1,150,300,120,"Elixir",250,24,,"Elixir",100000,2,100,2000,11,1,,,,"sc/ui.sc","icon_unit_giant","unit_giant_big","sc/info_giant.sc",,,,"Defense",,"Giant Deploy","Giant Attack",,"Giant Hit",,"false","false","true",,"Giant Die",,"Giant",1,"false",,0,"TombStone",,,,,,,,,,,,,,,,,,,,120,,,,,,,,,,,,,,,,,,,,,,,-50,,,,,,,,,,600,500,,"true",,,,,,,,,,,,,,,,,,,,,,,,,,
,,,,,,2,,360,,,750,48,,,250000,,,,14,,,,,,,,,,,,,,,,,,,,,,,,,"Giant",1,,,,,,,,,,,,,,,,,,,,,,,,120,,,,,,,,,,,,,,,,,,,,,,,,,,,,,,,,,,,,,,,,,,,,,,,,,,,,,,,,,,,,,,
,,,,,,4,,430,,,1250,72,,,750000,,,,19,,,,,,,,,,,,,,,,,,,,,,,,,"Giant2",1,,,,,,,,,,,,,,,,,,,,,,,,120,,,,,,,,,,,,,,,,,,,,,,,,,,,,,,,,,,,,,,,,,,,,,,,,,,,,,,,,,,,,,,
,,,,,,5,,520,,,1750,120,,,2250000,,,,24,,,,,,,,,,,,,,,,,,,,,,,,,"Giant2",1,,,,,,,,,,,,,,,,,,,,,,,,120,,,,,,,,,,,,,,,,,,,,,,,,,,,,,,,,,,,,,,,,,,,,,,,,,,,,,,,,,,,,,,
,,,,,,6,,670,,,2250,240,,,5000000,,,,31,,,,,,,,,,,,,,,,,,,,,,,,,"Giant3",1,,,,,,,,,,,,,,,,,,,,,,,,120,,,,,,,,,,,,,,,,,,,,,,,,,,,,,,,,,,,,,,,,,,,,,,,,,,,,,,,,,,,,,,
,,,,,,7,,940,,,3000,288,,,6000000,,,,43,,,,,,,,,,,,,,,,,,,,,,,,,"Giant6",1,,,,,,,,,,,,,,,,,,,,,,,,200,,,,,,,,,,,,,,,,,,,,,,,,,,,,,,,,,,,,,,,,,,,,,,,,,,,,,,,,,,,,,,
,,,,,,8,,1100,,,3500,336,,,9500000,,,,50,,,,,,,,,,,,,,,,,,,,,,,,,"Giant7",1,,,,,,,,,,,,,,,,,,,,,,,,280,,,,,,,,,,,,,,,,,,,,,,,,,,,,,,,,,,,,,,,,,,,,,,,,,,,,,,,,,,,,,,
,,,,,,9,,1260,,,4000,,,,,,,,57,,,,,,,,,,,,,,,,,,,,,,,,,"Giant8",1,,,,,,,,,,,,,,,,,,,,,,,,330,,,,,,,,,,,,,,,,,,,,,,,,,,,,,,,,,,,,,,,,,,,,,,,,,,,,,,,,,,,,,,
"Wall Breaker","TID_WALL_BREAKER","TID_CHARACTER_INFO_WALLBREAKER","sc/characters.cs",2,5,1,300,20,60,"Elixir",1000,24,,"Elixir",100000,2,50,1000,12,40,80,,,"sc/ui.sc","icon_unit_wallbreaker","unit_skeleton_big","sc/info_wallbreaker.sc",,,,"Wall",,"Wall Breaker Deploy","Wall Breaker Attack",,"Wall Breaker Hit",,"false","false","true",1,"Wall Breaker Die",,"Wall Breaker",1,"false",,0,"TombStone",,,,,,,,,,,,,,,,,,,,100,,,,,,,,,,,,,,,,,,,,,,,-50,,,,,,,,,,50,50,,"true",,,,,,,,,,,,,,,,,,,,,,,,,,
,,,,,,2,,24,,,1500,48,,,250000,,,,16,,80,,,,,,,,,,,,,,,,,,,,,,,"Wall Breaker",1,,,,,,,,,,,,,,,,,,,,,,,,100,,,,,,,,,,,,,,,,,,,,,,,,,,,,,,,,,,,,,,,,,,,,,,,,,,,,,,,,,,,,,,
,,,,,,4,,29,,,2000,72,,,750000,,,,24,,80,,,,,,,,,,,,,,,,,,,,,,,"Wall Breaker2",1,,,,,,,,,,,,,,,,,,,,,,,,100,,,,,,,,,,,,,,,,,,,,,,,,,,,,,,,,,,,,,,,,,,,,,,,,,,,,,,,,,,,,,,
,,,,,,5,,35,,,2500,120,,,2000000,,,,32,,80,,,,,,,,,,,,,,,,,,,,,,,"Wall Breaker2",1,,,,,,,,,,,,,,,,,,,,,,,,100,,,,,,,,,,,,,,,,,,,,,,,,,,,,,,,,,,,,,,,,,,,,,,,,,,,,,,,,,,,,,,
,,,,,,6,,42,,,3000,240,,,6000000,,,,46,,80,,,,,,,,,,,,,,,,,,,,,,,"Wall Breaker3",1,,,,,,,,,,,,,,,,,,,,,,,,90,,,,,,,,,,,,,,,,,,,,,,,,,,,,,,,,,,,,,,,,,,,,,,,,,,,,,,,,,,,,,,
,,,,,,8,,54,,,3500,288,,,9000000,,,,60,,80,,,,,,,,,,,,,,,,,,,,,,,"Wall Breaker6",1,,,,,,,,,,,,,,,,,,,,,,,,80,,,,,,,,,,,,,,,,,,,,,,,,,,,,,,,,,,,,,,,,,,,,,,,,,,,,,,,,,,,,,,
,,,,,,9,,62,,,4000,,,,,,,,78,,80,,,,,,,,,,,,,,,,,,,,,,,"Wall Breaker7",1,,,,,,,,,,,,,,,,,,,,,,,,70,,,,,,,,,,,,,,,,,,,,,,,,,,,,,,,,,,,,,,,,,,,,,,,,,,,,,,,,,,,,,,
"Balloon","TID_GOBLIN_BALLOON","TID_CHARACTER_INFO_BALLOON","sc/characters.cs",5,6,1,130,150,120,"Elixir",2000,24,,"Elixir",150000,5,50,3000,25,1,120,,"true","sc/ui.sc","icon_unit_balloon","unit_balloon_big","sc/info_balloon.sc",,,,"Defense",,"Balloon Goblin Deploy","Balloon Goblin Attack",,"Balloon Goblin Hit",,"true","false","true",,"Balloon Goblin Die",,"Balloon Goblin",1,"false",,20,"TombStone",25,120,"Balloon Exposion",416,,,,,,,,,,,,,,,,100,,,,,,,,,,,,,,,,,,,,,,-750,100,,,,,,,,,,600,500,2250,"true",,,,,,,,,,,,,,,,,,,,,,,,,,
,,,,,,2,,180,,,2500,48,,,450000,,,,32,,,,,,,,,,,,,,,,,,,,,,,,,"Balloon Goblin",1,,,,,32,,"Balloon Exposion",,,,,,,,,,,,,,,,,100,,,,,,,,,,,,,,,,,,,,,,,,,,,,,,,,,,,,,,,,,,,,,,,,,,,,,,,,,,,,,,
,,,,,,4,,216,,,3000,72,,,1350000,,,,48,,,,,,,,,,,,,,,,,,,,,,,,,"Balloon Goblin2",1,,,,,48,,"Balloon Exposion",,,,,,,,,,,,,,,,,100,,,,,,,,,,,,,,,,,,,,,,,,,,,,,,,,,,,,,,,,,,,,,,,,,,,,,,,,,,,,,,
,,,,,,5,,280,,,3500,120,,,2500000,,,,72,,,,,,,,,,,,,,,,,,,,,,,,,"Balloon Goblin2",1,,,,,72,,"Balloon Exposion",,,,,,,,,,,,,,,,,100,,,,,,,,,,,,,,,,,,,,,,,,,,,,,,,,,,,,,,,,,,,,,,,,,,,,,,,,,,,,,,
,,,,,,6,,390,,,4000,240,,,6000000,,,,108,,,,,,,,,,,,,,,,,,,,,,,,,"Balloon Goblin3",1,,,,,108,,"Balloon Exposion",,,,,,,,,,,,,,,,,100,,,,,,,,,,,,,,,,,,,,,,,,,,,,,,,,,,,,,,,,,,,,,,,,,,,,,,,,,,,,,,
,,,,,,7,,545,,,4500,336,,,9500000,,,,162,,,,,,,,,,,,,,,,,,,,,,,,,"Balloon Goblin6",1,,,,,162,,"Dark Balloon Exposion",,,,,,,,,,,,,,,,,190,,,,,,,,,,,,,,,,,,,,,,,,,,,,,,,,,,,,,,,,,,,,,,,,,,,,,,,,,,,,,,
,,,,,,9,,690,,,5000,,,,,,,,198,,,,,,,,,,,,,,,,,,,,,,,,,"Balloon Goblin7",1,,,,,214,,"Dark Balloon Exposion",,,,,,,,,,,,,,,,,260,,,,,,,,,,,,,,,,,,,,,,,,,,,,,,,,,,,,,,,,,,,,,,,,,,,,,,,,,,,,,,
"Wizard","TID_WIZARD","TID_CHARACTER_INFO_WIZARD","sc/characters.cs",4,7,1,200,75,120,"Elixir",1500,24,,"Elixir",150000,5,300,1500,50,1,30,,,"sc/ui.sc","icon_unit_wizard","unit_wizard_big","sc/info_wizard.sc","wizard_projectile",,,,,"Wizard Deploy","Wizard_attack",,"Wizard Hit1",,"false","true","true",,"Wizard Die",,"Wizard",1,"false",,0,"TombStone",,,,,,,,,,,,,,,,,,,,150,,,,,,,,,,,,,,,,,,,,,,,-50,,,,,,,,,,600,200,,"true",,,,,,,,,,,,,,,,,,,,,,,,,,
,,,,,,3,,90,,,2000,48,,,450000,,,,70,,,,,,,,,"wizard_projectile",,,,,,"Wizard_attack",,"Wizard Hit1",,,,,,,,"Wizard",1,,,,,,,,,,,,,,,,,,,,,,,,150,,,,,,,,,,,,,,,,,,,,,,,,,,,,,,,,,,,,,,,,,,,,,,,,,,,,,,,,,,,,,,
,,,,,,4,,108,,,2500,72,,,1350000,,,,90,,,,,,,,,"wizard_projectile",,,,,,"Wizard_attack",,"Wizard Hit1",,,,,,,,"Wizard2",1,,,,,,,,,,,,,,,,,,,,,,,,150,,,,,,,,,,,,,,,,,,,,,,,,,,,,,,,,,,,,,,,,,,,,,,,,,,,,,,,,,,,,,,
,,,,,,5,,130,,,3000,120,,,2500000,,,,125,,,,,,,,,"wizard_projectile2",,,,,,"Wizard_attack2",,"Wizard Hit2",,,,,,,,"Wizard2",1,,,,,,,,,,,,,,,,,,,,,,,,150,,,,,,,,,,,,,,,,,,,,,,,,,,,,,,,,,,,,,,,,,,,,,,,,,,,,,,,,,,,,,,
,,,,,,6,,156,,,3500,216,,,5000000,,,,170,,,,,,,,,"wizard_projectile2",,,,,,"Wizard_attack2",,"Wizard Hit2",,,,,,,,"Wizard3",1,,,,,,,,,,,,,,,,,,,,,,,,150,,,,,,,,,,,,,,,,,,,,,,,,,,,,,,,,,,,,,,,,,,,,,,,,,,,,,,,,,,,,,,
,,,,,,7,,175,,,4000,288,,,7000000,,,,185,,,,,,,,,"wizard_projectile3",,,,,,"Wizard_attack3",,"Wizard Hit2",,,,,,,,"Wizard6",1,,,,,,,,,,,,,,,,,,,,,,,,150,,,,,,,,,,,,,,,,,,,,,,,,,,,,,,,,,,,,,,,,,,,,,,,,,,,,,,,,,,,,,,
,,,,,,8,,190,,,4500,336,,,9000000,,,,200,,,,,,,,,"wizard_projectile4",,,,,,"Wizard_attack3",,"Wizard Hit2",,,,,,,,"Wizard7",1,,,,,,,,,,,,,,,,,,,,,,,,150,,,,,,,,,,,,,,,,,,,,,,,,,,,,,,,,,,,,,,,,,,,,,,,,,,,,,,,,,,,,,,
,,,,,,9,,210,,,5000,,,,,,,,215,,,,,,,,,"wizard_projectile4",,,,,,"Wizard_attack3",,"Wizard Hit2",,,,,,,,"Wizard8",1,,,,,,,,,,,,,,,,,,,,,,,,150,,,,,,,,,,,,,,,,,,,,,,,,,,,,,,,,,,,,,,,,,,,,,,,,,,,,,,,,,,,,,,
"Healer","TID_HEALER","TID_CHARACTER_INFO_HEALER","sc/characters.cs",14,8,1,200,500,480,"Elixir",5000,72,,"Elixir",750000,10,500,700,-35,1,200,,,"sc/ui.sc","icon_unit_healer","unit_healer_big","sc/info_healer.sc","HealerEnergy",,,,,"Healer Deploy","Healer Attack",,"Healer Hit",,"true","false","true",,"Healer Die",,"Healer",1,"false",,50,"TombStone",,,,,,,,,,,,,,,,,,,,180,,,,,,,,,,,,,,,,,,,,,,,-50,,,,,,,,,,200,200,,"true",,,,,,,,,,,,,,,,,,,,,,,,,,
,,,,,,5,,600,,,6000,120,,,1500000,,,,-42,,,,,,,,,,,,,,,,,,,,,,,,,"Healer",1,,,,,,,,,,,,,,,,,,,,,,,,185,,,,,,,,,,,,,,,,,,,,,,,,,,,,,,,,,,,,,,,,,,,,,,,,,,,,,,,,,,,,,,
,,,,,,6,,840,,,8000,168,,,3000000,,,,-55,,,,,,,,,,,,,,,,,,,,,,,,,"Healer2",1,,,,,,,,,,,,,,,,,,,,,,,,200,,,,,,,,,,,,,,,,,,,,,,,,,,,,,,,,,,,,,,,,,,,,,,,,,,,,,,,,,,,,,,
,,,,,,7,,1200,,,10000,336,,,9500000,,,,-71,,,,,,,,,,,,,,,,,,,,,,,,,"Healer2",1,,,,,,,,,,,,,,,,,,,,,,,,220,,,,,,,,,,,,,,,,,,,,,,,,,,,,,,,,,,,,,,,,,,,,,,,,,,,,,,,,,,,,,,
,,,,,,9,,1500,,,15000,,,,,,,,-90,,,,,,,,,,,,,,,,,,,,,,,,,"Healer3",1,,,,,,,,,,,,,,,,,,,,,,,,240,,,,,,,,,,,,,,,,,,,,,,,,,,,,,,,,,,,,,,,,,,,,,,,,,,,,,,,,,,,,,,
"Dragon","TID_DRAGON","TID_CHARACTER_INFO_DRAGON","sc/characters.cs",20,9,1,200,1900,720,"Elixir",25000,168,,"Elixir",2000000,25,300,1250,140,1,30,,,"sc/ui.sc","icon_unit_dragon","unit_dragon_big","sc/info_dragon.sc",,,,,,"Dragon Deploy","Dragon Attack",,"Dragon Hit",,"true","true","true",,"Dragon Die",,"Dragon",1,"false",,15,"TombStone",,,,,,,,,,,,,,,,,,,,160,,,,,,,,,,,,,,,,,,,,,,-700,80,,,,,,,,,,3000,2000,,"true",,,,,,,,,,,,,,,,,,,,,,,,,,
,,,,,,5,,2100,,,29000,216,,,3000000,,,,160,,,,,,,,,,,,,,,,,,,,,,,,,"Dragon2",1,,,,,,,,,,,,,,,,,,,,,,,,165,,,,,,,,,,,,,,,,,,,,,,,,,,,,,,,,,,,,,,,,,,,,,,,,,,,,,,,,,,,,,,
,,,,,,6,,2300,,,33000,240,,,5000000,,,,180,,,,,,,,,,,,,,,,,,,,,,,,,"Dragon3",1,,,,,,,,,,,,,,,,,,,,,,,,170,,,,,,,,,,,,,,,,,,,,,,,,,,,,,,,,,,,,,,,,,,,,,,,,,,,,,,,,,,,,,,
,,,,,,7,,2600,,,37000,288,,,7000000,,,,210,,,,,,,,,,,,,,,,,,,,,,,,,"Dragon4",1,,,,,,,,,,,,,,,,,,,,,,,,250,,,,,,,,,,,,,,,,,,,,,,,,,,,,,,,,,,,,,,,,,,,,,,,,,,,,,,,,,,,,,,
,,,,,,8,,2900,,,42000,336,,,9000000,,,,240,,,,,,,,,,,,,,,,,,,,,,,,,"Dragon5",1,,,,,,,,,,,,,,,,,,,,,,,,420,,,,,,,,,,,,,,,,,,,,,,,,,,,,,,,,,,,,,,,,,,,,,,,,,,,,,,,,,,,,,,
,,,,,,9,,3200,,,46000,,,,,,,,270,,,,,,,,,,,,,,,,,,,,,,,,,"Dragon6",1,,,,,,,,,,,,,,,,,,,,,,,,480,,,,,,,,,,,,,,,,,,,,,,,,,,,,,,,,,,,,,,,,,,,,,,,,,,,,,,,,,,,,,,
"PEKKA","TID_PEKKA","TID_CHARACTER_INFO_PEKKA","sc/characters.cs",25,10,1,200,2800,720,"Elixir",28000,192,,"Elixir",3000000,25,80,1800,240,1,,,,"sc/ui.sc","icon_unit_pekka","unit_pekka_big","sc/info_pekka.sc",,,,,,"Pekka Deploy","Pekka Attack",,"Pekka Hit",,"false","false","true",,"Pekka Die",,"PEKKA",1,"false",,0,"TombStone",,,,,,,,,,,,,,,,,,,,120,,,,,,,,,,,,,,,,,,,,,,,-50,,,,,,,,,,3000,2000,,"true",,,,,,,,,,,,,,,,,,,,,,,,,,
,,,,,,6,,3100,,,32000,216,,,5000000,,,,270,,,,,,,,,,,,,,,,,,,,,,,,,"PEKKA2",1,,,,,,,,,,,,,,,,,,,,,,,,150,,,,,,,,,,,,,,,,,,,,,,,,,,,,,,,,,,,,,,,,,,,,,,,,,,,,,,,,,,,,,,
,,,,,,6,,3500,,,36000,240,,,6000000,,,,310,,,,,,,,,,,,,,,,,,,,,,,,,"PEKKA3",1,,,,,,,,,,,,,,,,,,,,,,,,180,,,,,,,,,,,,,,,,,,,,,,,,,,,,,,,,,,,,,,,,,,,,,,,,,,,,,,,,,,,,,,
,,,,,,8,,4000,,,40000,288,,,7500000,,,,360,,,,,,,,,,,,,,,,,,,,,,,,,"PEKKA4",1,,,,,,,,,,,,,,,,,,,,,,,,220,,,,,,,,,,,,,,,,,,,,,,,,,,,,,,,,,,,,,,,,,,,,,,,,,,,,,,,,,,,,,,
,,,,,,8,,4500,,,45000,336,,,10000000,,,,410,,,,,,,,,,,,,,,,,,,,,,,,,"PEKKA5",1,,,,,,,,,,,,,,,,,,,,,,,,350,,,,,,,,,,,,,,,,,,,,,,,,,,,,,,,,,,,,,,,,,,,,,,,,,,,,,,,,,,,,,,
,,,,,,9,,5000,,,50000,,,,,,,,460,,,,,,,,,,,,,,,,,,,,,,,,,"PEKKA6",1,,,,,,,,,,,,,,,,,,,,,,,,400,,,,,,,,,,,,,,,,,,,,,,,,,,,,,,,,,,,,,,,,,,,,,,,,,,,,,,,,,,,,,,
"Gargoyle","TID_GARGOYLE","TID_CHARACTER_INFO_MINION","sc/characters.cs",2,1,1,400,55,36,"DarkElixir",6,120,,"DarkElixir",10000,1,275,1000,35,1,,,,"sc/ui.sc","icon_unit_gargoyle","unit_flyingF_big","sc/info_minion.sc","gargoyle_projectile",,,,,"Gargoyle Deploy","Gargoyle Attack",,"Gargoyle Hit",,"true","true","true",,"Gargoyle Die",,"Gargoyle_lvl1",2,"false",,100,"DarkTombStone",,,,,,,,,,,,,,,,,,,,120,,,,,,,,,,,,,,,,,,,,,,-400,60,,,,,,,,,,200,100,,"true",,,,,,,,,,,,,,,,,,,,,,,,,,
,,,,,,5,,60,,,7,144,,,20000,,,,38,,,,,,,,,,,,,,,,,,,,,,,,,"Gargoyle_lvl1",,,,,,,,,,,,,,,,,,,,,,,,,120,,,,,,,,,,,,,,,,,,,,,,,,,,,,,,,,,,,,,,,,,,,,,,,,,,,,,,,,,,,,,,
,,,,,,6,,66,,,8,168,,,30000,,,,42,,,,,,,,,,,,,,,,,,,,,,,,,"Gargoyle_lvl2",,,,,,,,,,,,,,,,,,,,,,,,,115,,,,,,,,,,,,,,,,,,,,,,,,,,,,,,,,,,,,,,,,,,,,,,,,,,,,,,,,,,,,,,
,,,,,,6,,72,,,9,240,,,40000,,,,46,,,,,,,,,,,,,,,,,,,,,,,,,"Gargoyle_lvl2",,,,,,,,,,,,,,,,,,,,,,,,,110,,,,,,,,,,,,,,,,,,,,,,,,,,,,,,,,,,,,,,,,,,,,,,,,,,,,,,,,,,,,,,
,,,,,,7,,78,,,10,288,,,100000,,,,50,,,,,,,,,,,,,,,,,,,,,,,,,"Gargoyle_lvl3",,,,,,,,,,,,,,,,,,,,,,,,,105,,,,,,,,,,,,,,,,,,,,,,,,,,,,,,,,,,,,,,,,,,,,,,,,,,,,,,,,,,,,,,
,,,,,,8,,84,,,11,336,,,140000,,,,54,,,,,,,,,,,,,,,,,,,,,,,,,"Gargoyle_lvl4",,,,,,,,,,,,,,,,,,,,,,,,,100,,,,,,,,,,,,,,,,,,,,,,,,,,,,,,,,,,,,,,,,,,,,,,,,,,,,,,,,,,,,,,
,,,,,,9,,90,,,12,,,,,,,,58,,,,,,,,,,,,,,,,,,,,,,,,,"Gargoyle_lvl5",,,,,,,,,,,,,,,,,,,,,,,,,100,,,,,,,,,,,,,,,,,,,,,,,,,,,,,,,,,,,,,,,,,,,,,,,,,,,,,,,,,,,,,,
"Boar Rider","TID_BOARRIDER","TID_CHARACTER_INFO_RIDER","sc/characters.cs",5,2,1,300,270,90,"DarkElixir",40,120,,"DarkElixir",20000,5,60,1000,60,1,,,,"sc/ui.sc","icon_unit_boarRider","unit_boarRider_big","sc/info_hogrider.sc",,,,"Defense",,"BoarRider Deploy","BoarRider Attack",,"BoarRider Hit",,"false","false","true",,"BoarRider Die",,"BoarRider_lvl1",2,"true",,0,"DarkTombStone",,,,,,,,,,,,,,,,,,,,120,,,,,,,,,,,,,,,,,,,,,,,-50,,,,,,,,,,600,500,,"true",,,,,,,,,,,,,,,,,,,,,,,,,,
,,,,,,5,,312,,,45,144,,,30000,,,,70,,,,,,,,,,,,,,,,,,,,,,,,,"BoarRider_lvl1",,,,,,,,,,,,,,,,,,,,,,,,,130,,,,,,,,,,,,,,,,,,,,,,,,,,,,,,,,,,,,,,,,,,,,,,,,,,,,,,,,,,,,,,
,,,,,,6,,360,,,52,192,,,40000,,,,80,,,,,,,,,,,,,,,,,,,,,,,,,"BoarRider_lvl2",,,,,,,,,,,,,,,,,,,,,,,,,140,,,,,,,,,,,,,,,,,,,,,,,,,,,,,,,,,,,,,,,,,,,,,,,,,,,,,,,,,,,,,,
,,,,,,6,,415,,,58,240,,,50000,,,,92,,,,,,,,,,,,,,,,,,,,,,,,,"BoarRider_lvl2",,,,,,,,,,,,,,,,,,,,,,,,,150,,,,,,,,,,,,,,,,,,,,,,,,,,,,,,,,,,,,,,,,,,,,,,,,,,,,,,,,,,,,,,
,,,,,,7,,480,,,65,288,,,100000,,,,105,,,,,,,,,,,,,,,,,,,,,,,,,"BoarRider_lvl3",,,,,,,,,,,,,,,,,,,,,,,,,200,,,,,,,,,,,,,,,,,,,,,,,,,,,,,,,,,,,,,,,,,,,,,,,,,,,,,,,,,,,,,,
,,,,,,8,,590,,,90,336,,,150000,,,,118,,,,,,,,,,,,,,,,,,,,,,,,,"BoarRider_lvl4",,,,,,,,,,,,,,,,,,,,,,,,,250,,,,,,,,,,,,,,,,,,,,,,,,,,,,,,,,,,,,,,,,,,,,,,,,,,,,,,,,,,,,,,
,,,,,,9,,700,,,115,,,,,,,,135,,,,,,,,,,,,,,,,,,,,,,,,,"BoarRider_lvl5",,,,,,,,,,,,,,,,,,,,,,,,,300,,,,,,,,,,,,,,,,,,,,,,,,,,,,,,,,,,,,,,,,,,,,,,,,,,,,,,,,,,,,,,
"Warrior Girl","TID_WARRIORGIRL","TID_CHARACTER_INFO_VALKYRIE","sc/characters.cs",8,3,1,300,750,180,"DarkElixir",70,192,,"DarkElixir",50000,8,50,1800,94,1,100,,"true","sc/ui.sc","icon_unit_warriorGirl","unit_warriorGirl_big","sc/info_valkyrie.sc",,,,,,"WarriorGirl Deploy","WarriorGirl Attack",,"WarriorGirl Hit",,"false","false","true",,"WarriorGirl Die",,"WarriorGirl_lvl1",2,"false",,0,"DarkTombStone",,,,,,,,,,,,,,,,,,,,100,,,,,,,,,,"true",,,,,,,,,,,,,-50,,,,,,,,,,600,500,600,"true",,,,,,,,,,,,,,,,,,,,,,,,,,
,,,,,,6,,800,,,100,240,,,60000,,,,106,,,,,,,,,,,,,,,"WarriorGirl Attack",,,,,,,,,,"WarriorGirl_lvl1",,,,,,,,,,,,,,,,,,,,,,,,,130,,,,,,,,,,,,,,,,,,,,,,,,,,,,,,,,,,,,,,,,,,,,,,,,,,,,,,,,,,,,,,
,,,,,,7,,850,,,130,288,,,70000,,,,119,,,,,,,,,,,,,,,"WarriorGirl Attack2",,,,,,,,,,"WarriorGirl_lvl2",,,,,,,,,,,,,,,,,,,,,,,,,160,,,,,,,,,,,,,,,,,,,,,,,,,,,,,,,,,,,,,,,,,,,,,,,,,,,,,,,,,,,,,,
,,,,,,7,,900,,,160,336,,,110000,,,,133,,,,,,,,,,,,,,,"WarriorGirl Attack2",,,,,,,,,,"WarriorGirl_lvl2",,,,,,,,,,,,,,,,,,,,,,,,,190,,,,,,,,,,,,,,,,,,,,,,,,,,,,,,,,,,,,,,,,,,,,,,,,,,,,,,,,,,,,,,
,,,,,,8,,1100,,,190,,,,,,,,148,,,,,,,,,,,,,,,"WarriorGirl Attack2",,,,,,,,,,"WarriorGirl_lvl3",,,,,,,,,,,,,,,,,,,,,,,,,220,,,,,,,,,,,,,,,,,,,,,,,,,,,,,,,,,,,,,,,,,,,,,,,,,,,,,,,,,,,,,,
"Golem","TID_GOLEM","TID_CHARACTER_INFO_GOLEM","sc/characters.cs",30,4,1,150,4500,600,"DarkElixir",450,144,,"DarkElixir",60000,30,100,2400,38,1,,,,"sc/ui.sc","icon_unit_golem","unit_golem_big","sc/info_golem.sc",,,,"Defense",,"Golem Deploy","Golem Attack",,"Golem Hit",,"false","false","true",,"Golem_split",,"Golem_lvl1",2,"false",,0,"DarkTombStone",350,120,,0,,"Golem Secondary",,2,150,,,,,,,,,,,160,,,,,,,,,,,,,,,,,,,,,,,-50,,,,,,,,,,1000,3000,,"true",,,,,,,,,,,,,,,,,,,,,,,,,,
,,,,,,6,,5000,,,525,192,,,70000,,,,42,,,,,,,,,,,,,,,,,,,,,,,,,"Golem_lvl1",,,,,,400,,,,,,,2,,,,,,,,,,,,170,,,,,,,,,,,,,,,,,,,,,,,,,,,,,,,,,,,,,,,,,,,,,,,,,,,,,,,,,,,,,,
,,,,,,7,,5500,,,600,240,,,80000,,,,46,,,,,,,,,,,,,,,,,,,,,,,,,"Golem_lvl2",,,,,,450,,,,,,,2,,,,,,,,,,,,210,,,,,,,,,,,,,,,,,,,,,,,,,,,,,,,,,,,,,,,,,,,,,,,,,,,,,,,,,,,,,,
,,,,,,7,,6000,,,675,288,,,90000,,,,50,,,,,,,,,,,,,,,,,,,,,,,,,"Golem_lvl2",,,,,,500,,,,,,,2,,,,,,,,,,,,270,,,,,,,,,,,,,,,,,,,,,,,,,,,,,,,,,,,,,,,,,,,,,,,,,,,,,,,,,,,,,,
,,,,,,8,,6300,,,750,336,,,200000,,,,54,,,,,,,,,,,,,,,,,,,,,,,,,"Golem_lvl3",,,,,,530,,,,,,,2,,,,,,,,,,,,400,,,,,,,,,,,,,,,,,,,,,,,,,,,,,,,,,,,,,,,,,,,,,,,,,,,,,,,,,,,,,,
,,,,,,9,,6600,,,825,,,,,,,,58,,,,,,,,,,,,,,,,,,,,,,,,,"Golem_lvl4",,,,,,,,,,,,,,,,,,,,,,,,,500,,,,,,,,,,,,,,,,,,,,,,,,,,,,,,,,,,,,,,,,,,,,,,,,,,,,,,,,,,,,,,
"Golem Secondary","TID_GOLEM_SEC","TID_CHARACTER_INFO_GOLEM_SEC","sc/characters.cs",15,1,1,150,900,,"DarkElixir",,,,"DarkElixir",,1,50,3000,7,1,,,,"sc/ui.sc","icon_unit_golem","unit_golem_secondary_big","sc/info_golem.sc",,,,"Defense",,,"Small Golem Attack",,"Golem Hit",,"false","false","true",,"Golem_die",,"GolemSmall_lvl1",,"false",,0,"DarkTombStone",70,120,,,"true",,"true",,,,,,,,,,,,,,,,,,,,,,,,,,,,,,,,,,,,-50,,,,,,,,,,500,1500,,"true",,,,,,,,,,,,,,,,,,,,,,,,,,
,,,,,,,,1000,,,,,,,,,,,8,,,,,,,,,,,,,,,,,,,,,,,,,"GolemSmall_lvl1",,,,,,80,,,,,,,,,,,,,,,,,,,,,,,,,,,,,,,,,,,,,,,,,,,,,,,,,,,,,,,,,,,,,,,,,,,,,,,,,,,,,,,,,
,,,,,,,,1100,,,,,,,,,,,9,,,,,,,,,,,,,,,,,,,,,,,,,"GolemSmall_lvl2",,,,,,90,,,,,,,,,,,,,,,,,,,,,,,,,,,,,,,,,,,,,,,,,,,,,,,,,,,,,,,,,,,,,,,,,,,,,,,,,,,,,,,,,
,,,,,,,,1200,,,,,,,,,,,10,,,,,,,,,,,,,,,,,,,,,,,,,"GolemSmall_lvl2",,,,,,100,,,,,,,,,,,,,,,,,,,,,,,,,,,,,,,,,,,,,,,,,,,,,,,,,,,,,,,,,,,,,,,,,,,,,,,,,,,,,,,,,
,,,,,,,,1260,,,,,,,,,,,11,,,,,,,,,,,,,,,,,,,,,,,,,"GolemSmall_lvl3",,,,,,106,,,,,,,,,,,,,,,,,,,,,,,,,,,,,,,,,,,,,,,,,,,,,,,,,,,,,,,,,,,,,,,,,,,,,,,,,,,,,,,,,
,,,,,,,,1320,,,,,,,,,,,12,,,,,,,,,,,,,,,,,,,,,,,,,"GolemSmall_lvl4",,,,,,,,,,,,,,,,,,,,,,,,,,,,,,,,,,,,,,,,,,,,,,,,,,,,,,,,,,,,,,,,,,,,,,,,,,,,,,,,,,,,,,,
"Warlock","TID_WARLOCK","TID_CHARACTER_INFO_WARLOCK","sc/characters.cs",12,5,1,150,270,360,"DarkElixir",250,240,,"DarkElixir",75000,15,400,700,50,1,30,,,"sc/ui.sc","icon_unit_witch","unit_witch_big","sc/info_witch.sc","Witch_projectile",,,,,"Warlock Deploy","Warlock Attack",,"Warlock Hit",,"false","true","true",,"Warlock Die",,"Necromancer_lvl1",2,"false",,0,"DarkTombStone",,,,,,,,,150,,,,"Skeleton",3,5600,"Warlock Summon",6,,,800,,,,,,,,,,,,,,,,,,,,,,,-50,,,,,,,,,,1200,200,,"true",,,,,,,,,,,,,,,,,,,,,,,,,,
,,,,,,7,,300,,,350,336,,,160000,,400,700,60,,,,,,,,,,,,,,,,,,,,,,,,,"Necromancer_lvl1",,,,,,,,,,,,,,150,,,,,4,5600,,8,,,1000,,,,,,,,,,,,,,,,,,,,,,,,,,,,,,,,,,,,,,,,,,,,,,,,,,,,,,,,,,,,,,
,,,,,,9,,330,,,450,,,,,,400,700,70,,,,,,,,,,,,,,,,,,,,,,,,,"Necromancer_lvl2",,,,,,,,,,,,,,150,,,,,5,5600,,10,,,1800,,,,,,,,,,,,,,,,,,,,,,,,,,,,,,,,,,,,,,,,,,,,,,,,,,,,,,,,,,,,,,
"Skeleton","TID_SKELETON","TID_CHARACTER_INFO_SKELETON","sc/characters.cs",1,1,1,300,30,,"DarkElixir",,,,"DarkElixir",50000,1,40,1000,25,1,,,,"sc/ui.sc","icon_unit_barbarian","unit_skeletonwarrior_big","sc/info_witch.sc",,,,,,"Skeleton Deploy","Skeleton Attack",,"Skeleton Hit",,"false","false","true",,"Skeleton Die",,"Skeleton",,"false",,0,,,,,,"true",,"true",,,,,,,,,,,500,,,,,,,,,,,,,,,,,,,,,,,,,-50,,,,,,,,,,100,100,,"false",,,,,,,,,,,,,,,,,,,,,,,,,,
"AirDefenceSeeker","TID_AD_SEEKER","TID_CHARACTER_INFO_AD_SEEKER_WITH_EXPLOSION","sc/characters.cs",30,6,1,250,5700,600,"DarkElixir",390,240,,"DarkElixir",60000,30,75,2000,10,1,,,,"sc/ui.sc","icon_unit_tiny","unit_tiny_big","sc/info_tiny.sc","hound_projectile",,"Air Defense",,,"Tiny Deploy","Tiny Attack",,"Tiny Hit",,"true","FALSE","true",,"Tiny Die",,"ADSeeker_lvl1",2,"false",,100,"DarkTombStone",100,120,,,,"AirDefenceSeekerFragment",,8,500,"true",,,,,,,,,,160,,,,,,,,,,,,,,,,,,,,,,-700,80,100,,,,,,,,,1000,3000,,"true",,,,,,,,,,,,,,,,,,,,,,,,,,
,,,,,,7,,6200,,,450,288,,,70000,,,,12,,,,,,,,,,,,,,,"Tiny Attack",,,,,,,,,,"ADSeeker_lvl2",,,,,,150,,,,,,,10,,,,,,,,,,,,240,,,,,,,,,,,,,,,,,,,,,,,,,,,,,,,,,,,,,,,,,,,,,,,,,,,,,,,,,,,,,,
,,,,,,8,,6700,,,510,336,,,150000,,,,14,,,,,,,,,,,,,,,"Tiny Attack",,,,,,,,,,"ADSeeker_lvl3",,,,,,200,,,,,,,12,,,,,,,,,,,,350,,,,,,,,,,,,,,,,,,,,,,,,,,,,,,,,,,,,,,,,,,,,,,,,,,,,,,,,,,,,,,
,,,,,,9,,7200,,,570,,,,,,,,16,,,,,,,,,,,,,,,"Tiny Attack",,,,,,,,,,"ADSeeker_lvl5",,,,,,250,,,,,,,14,,,,,,,,,,,,420,,,,,,,,,,,,,,,,,,,,,,,,,,,,,,,,,,,,,,,,,,,,,,,,,,,,,,,,,,,,,,
"AirDefenceSeekerFragment","TID_AD_SEEKER_FRAG","TID_CHARACTER_INFO_AD_SEEKER_FRAG","sc/characters.cs",2,1,1,400,50,,"DarkElixir",,,,"DarkElixir",,1,275,1000,35,1,,,,"sc/ui.sc","icon_unit_gargoyle","unit_tinymites_big","sc/info_tiny.sc","tinyhound_projectile",,,,,,"Tinymite Attack",,"Tinymite Hit",,"true","true","true",,"Tinymite Die",,"TinyBaby_lvl1",,"false",,100,"DarkTombStone",,,,,"true",,"true",,,,"true",4,,,,,,,,,,,,,,,,,,,,,,,,,,,,,,-700,80,,,,,,,,,,200,100,,"true",,,,,,,,,,,,,,,,,,,,,,,,,,
"TrapSkeletonGround","TID_SKELETON","TID_CHARACTER_INFO_SKELETON","sc/characters.cs",1,1,1,300,30,,"DarkElixir",,,,"DarkElixir",,1,40,700,25,1,,,,"sc/ui.sc","icon_unit_barbarian","unit_skeletonwarrior_big","sc/info_witch.sc",,,,,,"Skeleton Deploy","Skeleton Attack",,"Skeleton Hit",,"false","false","true",,"Skeleton Die",,"Skeleton",,"false",,0,,,,,,"true",,"true",,,,,,,,,,,500,,,,,,,,,,,,,,,,,,,,,,,,,-50,,"trap_skeleton_icon",,,,,,,,100,100,,"true",,,,,,,,,,,,,,,,,,,,,,,,,,
"GargoyleTrap","TID_GARGOYLE","TID_CHARACTER_INFO_MINION","sc/characters.cs",2,1,1,300,30,45,"DarkElixir",6,120,,"DarkElixir",10000,1,40,700,25,1,,,,"sc/ui.sc","icon_unit_gargoyle","unit_flyingF_big","sc/info_minion.sc","gargoyle_projectile",,,,,"Gargoyle Deploy","Gargoyle Attack",,"Gargoyle Hit",,"true","true","false",,"Gargoyle Die",,"Gargoyle_lvl1",2,"false",,100,"DarkTombStone",,,,,"true",,"true",,,,,,,,,,,,,,,,,,,,,,,,,,,,,,,,,,,-400,60,,,,,,,,,,100,100,,"true",,,,,,,,,,,,,,,,,,,,,,,,,,
"TrapSkeletonAir","TID_SKELETON","TID_CHARACTER_INFO_SKELETON","sc/characters.cs",2,1,1,220,30,45,"DarkElixir",6,120,,"DarkElixir",10000,1,40,700,25,1,,,,"sc/ui.sc","icon_unit_gargoyle","unit_flyingF_big","sc/info_witch.sc",,,,,,,"Skeleton Attack",,"Skeleton Hit",,"true","true","false",,"Skeleton Die",,"Airskeleton",2,"false",,100,,,,,,"true",,"true",,,,,,,,,,,500,,,,,,,,,,,,,,,,,,,,,,,,-400,60,,"trap_skeleton_icon",,,,,,,,100,100,,"true",,,,,,,,,,,,,,,,,,,,,,,,,,
"Bowler","TID_BOWLER","TID_CHARACTER_INFO_BOWLER","sc/characters.cs",6,7,1,175,290,120,"DarkElixir",130,240,,"DarkElixir",120000,8,300,2200,65,1,30,,,"sc/ui.sc","icon_unit_troll","unit_troll_big","sc/info_troll.sc","trollBoulder_lvl1",,,,,"Troll Deploy",,,"trollBoulderHit","trollBoulderHit_dust_lvl1","false","false","true",,"Wizard Die",,"Troll_lvl1",2,"false",,0,"DarkTombStone",,,,,,,,,,,,,,,,,,,,400,,,,,,,,,,,,,,,,,,,,,,,-50,,,,,,,,,,600,500,1100,"true",400,"trollAttack",,,,,,,,,,,,,,,,,,,,,,,,
,,,,,,8,,310,,,150,336,,,200000,,,,75,,,,,,,,,"trollBoulder_lvl1",,,,,,,,,"trollBoulderHit_dust_lvl1",,,,,,,"Troll_lvl1",,,,,,,,,,,,,,,,,,,,,,,,,600,,,,,,,,,,,,,,,,,,,,,,,,,,,,,,,,,,,,,,,,,,,,,,,,,,,,,,,,,,,,,,
,,,,,,9,,350,,,170,,,,,,,,85,,,,,,,,,"trollBoulder_lvl2",,,,,,,,,"trollBoulderHit_dust_lvl2",,,,,,,"Troll_lvl2",,,,,,,,,,,,,,,,,,,,,,,,,800,,,,,,,,,,,,,,,,,,,,,,,,,,,,,,,,,,,,,,,,,,,,,,,,,,,,,,,,,,,,,,
"BabyDragon","TID_BABY_DRAGON","TID_BABY_DRAGON_INFO","sc/characters.cs",10,11,1,250,1200,360,"Elixir",15000,192,,"Elixir",5000000,10,275,1000,75,,30,,,"sc/ui.sc","icon_unit_babydragon","unit_babydragon_big","sc/info_babydragon.sc","babydragon_projectile",,,,,"Bdragon Deploy","Bdragon Attack",,"Bdragon Hit",,"true","true","true",,"Bdragon Die",,"BabyDragon_lvl1",1,"false",,30,"TombStone",,,,,,,,,,,,,,,,,,,,150,,,,,,,,,,,,,,,,,,,,,,,,,,,,,,,,,1000,1000,,"true",,,,,,"true",450,100,50,,,,,,,,,,,,,,,,,
,,,,,,7,,1300,,,16000,240,,,6000000,,,,85,,,,,,,,,"babydragon_projectile",,,,,,,,,,,,,,,,"BabyDragon_lvl2",,,,,,,,,,,,,,,,,,,,,,,,,200,,,,,,,,,,,,,,,,,,,,,,,,,,,,,,,,,,,,,,,,,,,,,,,,,,,,,,,,,,,,,,
,,,,,,8,,1400,,,17000,288,,,7000000,,,,95,,,,,,,,,"babydragon_projectile_lvl2",,,,,,,,,,,,,,,,"BabyDragon_lvl3",,,,,,,,,,,,,,,,,,,,,,,,,250,,,,,,,,,,,,,,,,,,,,,,,,,,,,,,,,,,,,,,,,,,,,,,,,,,,,,,,,,,,,,,
,,,,,,8,,1500,,,18000,336,,,8000000,,,,105,,,,,,,,,"babydragon_projectile_lvl2",,,,,,,,,,,,,,,,"BabyDragon_lvl4",,,,,,,,,,,,,,,,,,,,,,,,,300,,,,,,,,,,,,,,,,,,,,,,,,,,,,,,,,,,,,,,,,,,,,,,,,,,,,,,,,,,,,,,
,,,,,,9,,1600,,,19000,,,,,,,,115,,,,,,,,,"babydragon_projectile_lvl3",,,,,,,,,,,,,,,,"BabyDragon_lvl5",,,,,,,,,,,,,,,,,,,,,,,,,350,,,,,,,,,,,,,,,,,,,,,,,,,,,,,,,,,,,,,,,,,,,,,,,,,,,,,,,,,,,,,,
"Miner","TID_MINER","TID_MINER_INFO","sc/characters.cs",5,12,1,250,550,120,"Elixir",4200,192,,"Elixir",6000000,5,60,1700,80,,,,,"sc/ui.sc","icon_unit_miner","unit_miner_big","sc/info_miner.sc",,,,,,"Miner Deploy","Miner Attack",,"Miner Hit",,"false","false","true",,"Miner Die",,"Miner_lvl1",1,"false",,0,"TombStone",,,,,,,,,,,,,,,,,,,,200,,,,,,,,,,,,,,,,,,,,,,,,,,,,,,,"true",,600,500,,"true",,,,"Miner Move","Miner Appear",,,,,"Miner Hide",,,,,,,,,,,,,,,,
,,,,,,8,,610,,,4800,240,,,7000000,,,,88,,,,,,,,,,,,,,,,,,,,,,,,,"Miner_lvl2",,,,,,,,,,,,,,,,,,,,,,,,,300,,,,,,,,,,,,,,,,,,,,,,,,,,,,,,,,,,,,,,,,,,,,,,,,,,,,,,,,,,,,,,
,,,,,,8,,670,,,5200,288,,,8000000,,,,96,,,,,,,,,,,,,,,,,,,,,,,,,"Miner_lvl3",,,,,,,,,,,,,,,,,,,,,,,,,375,,,,,,,,,,,,,,,,,,,,,,,,,,,,,,,,,,,,,,,,,,,,,,,,,,,,,,,,,,,,,,
,,,,,,9,,730,,,5600,336,,,9500000,,,,104,,,,,,,,,,,,,,,,,,,,,,,,,"Miner_lvl3",,,,,,,,,,,,,,,,,,,,,,,,,450,,,,,,,,,,,,,,,,,,,,,,,,,,,,,,,,,,,,,,,,,,,,,,,,,,,,,,,,,,,,,,
,,,,,,9,,800,,,6000,,,,,,,,112,,,,,,,,,,,,,,,,,,,,,,,,,"Miner_lvl4",,,,,,,,,,,,,,,,,,,,,,,,,500,,,,,,,,,,,,,,,,,,,,,,,,,,,,,,,,,,,,,,,,,,,,,,,,,,,,,,,,,,,,,,
"Miner_DEF","TID_MINER","TID_MINER_INFO","sc/characters.cs",5,99,1,250,550,120,"Elixir",4200,192,,"Elixir",6000000,5,60,1700,80,,,,,"sc/ui.sc","icon_unit_miner","unit_miner_big","sc/info_miner.sc",,,,,,"Miner Deploy","Miner Attack",,"Miner Hit",,"false","false","true",,"Miner Die",,"Miner_lvl1",1,"false",,0,"TombStone",,,,,"true",,,,,,,,,,,,,,,,,,,,,,,,,,,,,,,,,,,,,,,,,,,,,,,,600,500,,"true",,,,"Miner Move","Miner Appear",,,,,"Miner Hide",,,,,,,,,,,,,,,,
,,,,,,8,,610,,,4800,240,,,7000000,,,,88,,,,,,,,,,,,,,,,,,,,,,,,,"Miner_lvl2",,,,,,,,,,,,,,,,,,,,,,,,,,,,,,,,,,,,,,,,,,,,,,,,,,,,,,,,,,,,,,,,,,,,,,,,,,,,,,,,,,,,,,,
,,,,,,8,,670,,,5200,288,,,8000000,,,,96,,,,,,,,,,,,,,,,,,,,,,,,,"Miner_lvl3",,,,,,,,,,,,,,,,,,,,,,,,,,,,,,,,,,,,,,,,,,,,,,,,,,,,,,,,,,,,,,,,,,,,,,,,,,,,,,,,,,,,,,,
,,,,,,9,,730,,,5600,336,,,9500000,,,,104,,,,,,,,,,,,,,,,,,,,,,,,,"Miner_lvl3",,,,,,,,,,,,,,,,,,,,,,,,,,,,,,,,,,,,,,,,,,,,,,,,,,,,,,,,,,,,,,,,,,,,,,,,,,,,,,,,,,,,,,,
,,,,,,9,,800,,,6000,,,,,,,,112,,,,,,,,,,,,,,,,,,,,,,,,,"Miner_lvl4",,,,,,,,,,,,,,,,,,,,,,,,,,,,,,,,,,,,,,,,,,,,,,,,,,,,,,,,,,,,,,,,,,,,,,,,,,,,,,,,,,,,,,,
"Prototype_4",,,"sc/characters.cs",10,99,1,450,10000,20,"DarkElixir",200,240,,"DarkElixir",80000,1,1,1000,0,,,,,"sc/ui.sc","icon_unit_witch","unit_witch_big","sc/info_witch.sc",,,,,,"Golem Deploy",,,,,"true","true","true",,,,"Prototype_Ghost",2,"false",,0,"DarkTombStone",,,,,"true",,"true",,,,,,,,,,,,,,,,,,,,,,,,,,,,,,,,,,,,,,,1,500,1000,,,,,100,100,,"true",,,,,,,,,,,,,,,,,,,,,,,,,,
"Prototype_5",,,"sc/characters.cs",10,99,1,450,10000,20,"DarkElixir",200,240,,"DarkElixir",80000,1,1,1000,0,,,,,"sc/ui.sc","icon_unit_witch","unit_witch_big","sc/info_witch.sc",,,,,,"Golem Deploy",,,,,"true","true","true",,,,"Prototype_Ghost",2,"false",,0,"DarkTombStone",,,,,"true",,"true",,,,,,,,,,,,,,,,,,,,,,,,,,,,,,,,,,,,,,,1,500,1000,,,,,100,100,,"true",,,,,,,,,,,,,,,,,,,,,,,,,,
"Prototype_6",,,"sc/characters.cs",10,99,1,450,10000,20,"DarkElixir",200,240,,"DarkElixir",80000,1,1,1000,0,,,,,"sc/ui.sc","icon_unit_witch","unit_witch_big","sc/info_witch.sc",,,,,,"Golem Deploy",,,,,"true","true","true",,,,"Prototype_Ghost",2,"false",,0,"DarkTombStone",,,,,"true",,"true",,,,,,,,,,,,,,,,,,,,,,,,,,,,,,,,,,,,,,,1,500,1000,,,,,100,100,,"true",,,,,,,,,,,,,,,,,,,,,,,,,,
"Prototype_7",,,"sc/characters.cs",10,99,1,450,10000,20,"DarkElixir",200,240,,"DarkElixir",80000,1,1,1000,0,,,,,"sc/ui.sc","icon_unit_witch","unit_witch_big","sc/info_witch.sc",,,,,,"Golem Deploy",,,,,"true","true","true",,,,"Prototype_Ghost",2,"false",,0,"DarkTombStone",,,,,"true",,"true",,,,,,,,,,,,,,,,,,,,,,,,,,,,,,,,,,,,,,,1,500,1000,,,,,100,100,,"true",,,,,,,,,,,,,,,,,,,,,,,,,,
"Ice Wizard_xmas","TID_WIZARD2","TID_CHARACTER_INFO_WIZARD2","sc/characters.cs",4,7,99,200,200,120,"Elixir",1500,24,,"Elixir",99999999,5,300,1500,200,1,30,,,"sc/ui.sc","icon_unit_iceWizard","unit_icewizard_big","sc/info_icewizard.sc","ice_wizard_projectile",,,"Defense",,"IceWizard Deploy","IceWizard_attack",,"IceWizard Hit1",,"false","true","true",,"Ice Wizard Die",,"Ice Wizard1",1,"false",,0,"TombStone",,,,,,,,,,,,,,,,,,,,,,,,,,,,,,,,,,,,,,,,,,,-50,,,,,,,,,,600,200,,"true",,,,,,,,,,,,,,,,,,,,,,"true","true","true",,
"Barbarian2","TID_RAGED_BARBARIAN","TID_CHARACTER_INFO_RAGED_BARBARIAN","sc/characters.cs",1,1,1,200,150,60,"Elixir2",,0,,"Elixir2",3500,1,40,800,50,1,,,,"sc/ui.sc","icon_unit_raged_barbarian","unit_raged_barbarian_big","sc/info_raged_barbarian.sc",,,,,,"Barbarian2 Deploy","Barbarian2 Attack",,"Barbarian2 Hit",,"false","false","true",,"Barbarian2 Die",,"Barbarian_new1",1,"false",,0,"TombStone_village2",,,,,,,,,,,,,,,,,,,,50,,,,,,,,,,,,,,,,,,,,,,,-50,,,,,,,,,,100,100,,"true",,,,,,,,,,,1,4,,"TID_BARB2_ABILITY_NAME","TID_BARB2_ABILITY_HELP","StartRage",4,,,"TroopRage",,,,,,
,,,,,,1,,150,,,,0,5,,6000,,,,50,,,,,,,,,,,,,,,,,,,,,,,,,"Barbarian_new1",1,,,,,,,,,,,,,,,,,,,,,,,,50,,,,,,,,,,,,,,,,,,,,,,,,,,,,,,,,,,,,,,,,,,,,,,,,4,1,,,,4,,,,,,,,,
,,,,,,2,,165,,,,0,15,,9000,,,,55,,,,,,,,,,,,,,,,,,,,,,,,,"Barbarian_new1",1,,,,,,,,,,,,,,,,,,,,,,,,50,,,,,,,,,,,,,,,,,,,,,,,,,,,,,,,,,,,,,,,,,,,,,,,,4,1,,,,4,,,,,,,,,
,,,,,,2,,165,,,,3,0,,50000,,,,55,,,,,,,,,,,,,,,,,,,,,,,,,"Barbarian_new1",1,,,,,,,,,,,,,,,,,,,,,,,,50,,,,,,,,,,,,,,,,,,,,,,,,,,,,,,,,,,,,,,,,,,,,,,,,6,1,,,,4,,,,,,,,,
,,,,,,3,,182,,,,6,0,,100000,,,,61,,,,,,,,,,,,,,,,,,,,,,,,,"Barbarian_new2",1,,,,,,,,,,,,,,,,,,,,,,,,50,,,,,,,,,,,,,,,,,,,,,,,,,,,,,,,,,,,,,,,,,,,,,,,,6,1,,,,4,,,,,,,,,
,,,,,,3,,182,,,,24,0,,300000,,,,61,,,,,,,,,,,,,,,,,,,,,,,,,"Barbarian_new2",1,,,,,,,,,,,,,,,,,,,,,,,,50,,,,,,,,,,,,,,,,,,,,,,,,,,,,,,,,,,,,,,,,,,,,,,,,10,1,,,,4,,,,,,,,,
,,,,,,4,,200,,,,24,0,,330000,,,,67,,,,,,,,,,,,,,,,,,,,,,,,,"Barbarian_new2",1,,,,,,,,,,,,,,,,,,,,,,,,50,,,,,,,,,,,,,,,,,,,,,,,,,,,,,,,,,,,,,,,,,,,,,,,,10,1,,,,4,,,,,,,,,
,,,,,,4,,200,,,,48,0,,700000,,,,67,,,,,,,,,,,,,,,,,,,,,,,,,"Barbarian_new2",1,,,,,,,,,,,,,,,,,,,,,,,,50,,,,,,,,,,,,,,,,,,,,,,,,,,,,,,,,,,,,,,,,,,,,,,,,10,2,,,,8,,,,,,,,,
,,,,,,5,,220,,,,48,0,,900000,,,,74,,,,,,,,,,,,,,,,,,,,,,,,,"Barbarian_new3",1,,,,,,,,,,,,,,,,,,,,,,,,50,,,,,,,,,,,,,,,,,,,,,,,,,,,,,,,,,,,,,,,,,,,,,,,,10,2,,,,8,,,,,,,,,
,,,,,,5,,220,,,,72,0,,1000000,,,,74,,,,,,,,,,,,,,,,,,,,,,,,,"Barbarian_new3",1,,,,,,,,,,,,,,,,,,,,,,,,50,,,,,,,,,,,,,,,,,,,,,,,,,,,,,,,,,,,,,,,,,,,,,,,,15,2,,,,8,,,,,,,,,
,,,,,,6,,242,,,,72,0,,1200000,,,,81,,,,,,,,,,,,,,,,,,,,,,,,,"Barbarian_new3",1,,,,,,,,,,,,,,,,,,,,,,,,50,,,,,,,,,,,,,,,,,,,,,,,,,,,,,,,,,,,,,,,,,,,,,,,,15,2,,,,8,,,,,,,,,
,,,,,,6,,242,,,,96,0,,2000000,,,,81,,,,,,,,,,,,,,,,,,,,,,,,,"Barbarian_new3",1,,,,,,,,,,,,,,,,,,,,,,,,50,,,,,,,,,,,,,,,,,,,,,,,,,,,,,,,,,,,,,,,,,,,,,,,,15,3,,,,12,,,,,,,,,
,,,,,,7,,266,,,,96,0,,2200000,,,,89,,,,,,,,,,,,,,,,,,,,,,,,,"Barbarian_new4",1,,,,,,,,,,,,,,,,,,,,,,,,50,,,,,,,,,,,,,,,,,,,,,,,,,,,,,,,,,,,,,,,,,,,,,,,,15,3,,,,12,,,,,,,,,
,,,,,,7,,266,,,,120,0,,3000000,,,,89,,,,,,,,,,,,,,,,,,,,,,,,,"Barbarian_new4",1,,,,,,,,,,,,,,,,,,,,,,,,50,,,,,,,,,,,,,,,,,,,,,,,,,,,,,,,,,,,,,,,,,,,,,,,,20,3,,,,12,,,,,,,,,
,,,,,,8,,293,,,,120,0,,3200000,,,,98,,,,,,,,,,,,,,,,,,,,,,,,,"Barbarian_new4",1,,,,,,,,,,,,,,,,,,,,,,,,50,,,,,,,,,,,,,,,,,,,,,,,,,,,,,,,,,,,,,,,,,,,,,,,,20,3,,,,12,,,,,,,,,
,,,,,,8,,293,,,,,,,,,,,98,,,,,,,,,,,,,,,,,,,,,,,,,"Barbarian_new4",1,,,,,,,,,,,,,,,,,,,,,,,,50,,,,,,,,,,,,,,,,,,,,,,,,,,,,,,,,,,,,,,,,,,,,,,,,20,4,,,,16,,,,,,,,,
"Archer2","TID_SNEAKY_ARCHER","TID_CHARACTER_INFO_SNEAKY_ARCHER","sc/characters.cs",1,2,1,300,100,60,"Elixir2",,0,3,"Elixir2",5000,1,350,1000,36,1,,,,"sc/ui.sc","icon_unit_stealthy_archer","unit_sneaky_archer_big","sc/info_sneaky_archer.sc","Arrow_small",,,,,"Archer2 Deploy","Archer2 Attack",,"Archer2 Hit",,"false","true","true",,"Archer2 Die",,"Archer_new_lvl1",1,"false",,0,"TombStone_village2",,,,,,,,,,,,,,,,,,,,86,,,,,,,,,,,,,,,,,,,,,,,-50,,,,,,,,,,100,100,,"true",,,,,,,,,,,1,4,,"TID_ARCHER2_ABILITY_NAME","TID_ARCHER2_ABILITY_HELP","StartCloak",,,,,,,,,,
,,,,,,1,,100,,,,0,10,,8000,,,,36,,,,,,,,,"Arrow_small",,,,,,,,,,,,,,,,"Archer_new_lvl1",1,,,,,,,,,,,,,,,,,,,,,,,,88,,,,,,,,,,,,,,,,,,,,,,,,,,,,,,,,,,,,,,,,,,,,,,,,4,1,,,,3,,,,,,,,,
,,,,,,2,,110,,,,0,30,,12000,,,,40,,,,,,,,,"Arrow_small",,,,,,,,,,,,,,,,"Archer_new_lvl1",1,,,,,,,,,,,,,,,,,,,,,,,,90,,,,,,,,,,,,,,,,,,,,,,,,,,,,,,,,,,,,,,,,,,,,,,,,4,1,,,,3,,,,,,,,,
,,,,,,2,,110,,,,4,0,,60000,,,,40,,,,,,,,,"Arrow_small_fire",,,,,,,,,,,,,,,,"Archer_new_lvl1",1,,,,,,,,,,,,,,,,,,,,,,,,92,,,,,,,,,,,,,,,,,,,,,,,,,,,,,,,,,,,,,,,,,,,,,,,,6,1,,,,3,,,,,,,,,
,,,,,,3,,121,,,,6,0,,120000,,,,44,,,,,,,,,"Arrow_small_fire",,,,,,,,,,,,,,,,"Archer_new_lvl2",1,,,,,,,,,,,,,,,,,,,,,,,,95,,,,,,,,,,,,,,,,,,,,,,,,,,,,,,,,,,,,,,,,,,,,,,,,6,1,,,,3,,,,,,,,,
,,,,,,3,,121,,,,24,0,,320000,,,,44,,,,,,,,,"Arrow_small_elixirFire",,,,,,,,,,,,,,,,"Archer_new_lvl2",1,,,,,,,,,,,,,,,,,,,,,,,,97,,,,,,,,,,,,,,,,,,,,,,,,,,,,,,,,,,,,,,,,,,,,,,,,6,2,,,,5,,,,,,,,,
,,,,,,4,,133,,,,24,0,,350000,,,,48,,,,,,,,,"Arrow_small_elixirFire",,,,,,,,,,,,,,,,"Archer_new_lvl2",1,,,,,,,,,,,,,,,,,,,,,,,,99,,,,,,,,,,,,,,,,,,,,,,,,,,,,,,,,,,,,,,,,,,,,,,,,6,2,,,,5,,,,,,,,,
,,,,,,4,,133,,,,48,0,,800000,,,,48,,,,,,,,,"Arrow_small_darkElixirFire",,,,,,,,,,,,,,,,"Archer_new_lvl2",1,,,,,,,,,,,,,,,,,,,,,,,,101,,,,,,,,,,,,,,,,,,,,,,,,,,,,,,,,,,,,,,,,,,,,,,,,6,3,,,,7,,,,,,,,,
,,,,,,5,,146,,,,48,0,,1000000,,,,53,,,,,,,,,"Arrow_small_darkElixirFire",,,,,,,,,,,,,,,,"Archer_new_lvl3",1,,,,,,,,,,,,,,,,,,,,,,,,104,,,,,,,,,,,,,,,,,,,,,,,,,,,,,,,,,,,,,,,,,,,,,,,,6,3,,,,7,,,,,,,,,
,,,,,,5,,146,,,,72,0,,1100000,,,,53,,,,,,,,,"Arrow_small_darkElixirFire",,,,,,,,,,,,,,,,"Archer_new_lvl3",1,,,,,,,,,,,,,,,,,,,,,,,,107,,,,,,,,,,,,,,,,,,,,,,,,,,,,,,,,,,,,,,,,,,,,,,,,8,3,,,,7,,,,,,,,,
,,,,,,6,,161,,,,72,0,,1300000,,,,58,,,,,,,,,"Arrow_small_darkElixirFire2",,,,,,,,,,,,,,,,"Archer_new_lvl3",1,,,,,,,,,,,,,,,,,,,,,,,,110,,,,,,,,,,,,,,,,,,,,,,,,,,,,,,,,,,,,,,,,,,,,,,,,8,3,,,,10,,,,,,,,,
,,,,,,6,,161,,,,96,0,,2100000,,,,58,,,,,,,,,"Arrow_small_darkElixirFire2",,,,,,,,,,,,,,,,"Archer_new_lvl3",1,,,,,,,,,,,,,,,,,,,,,,,,113,,,,,,,,,,,,,,,,,,,,,,,,,,,,,,,,,,,,,,,,,,,,,,,,8,4,,,,10,,,,,,,,,
,,,,,,7,,177,,,,96,0,,2300000,,,,64,,,,,,,,,"Arrow_small_darkElixirFire2",,,,,,,,,,,,,,,,"Archer_new_lvl4",1,,,,,,,,,,,,,,,,,,,,,,,,116,,,,,,,,,,,,,,,,,,,,,,,,,,,,,,,,,,,,,,,,,,,,,,,,8,4,,,,10,,,,,,,,,
,,,,,,7,,177,,,,120,0,,3100000,,,,64,,,,,,,,,"Arrow_small_darkElixirFire2",,,,,,,,,,,,,,,,"Archer_new_lvl4",1,,,,,,,,,,,,,,,,,,,,,,,,119,,,,,,,,,,,,,,,,,,,,,,,,,,,,,,,,,,,,,,,,,,,,,,,,10,4,,,,10,,,,,,,,,
,,,,,,8,,195,,,,120,,,3300000,,,,70,,,,,,,,,"Arrow_small_darkElixirFire2",,,,,,,,,,,,,,,,"Archer_new_lvl4",1,,,,,,,,,,,,,,,,,,,,,,,,122,,,,,,,,,,,,,,,,,,,,,,,,,,,,,,,,,,,,,,,,,,,,,,,,10,4,,,,10,,,,,,,,,
,,,,,,8,,195,,,,,,,,,,,70,,,,,,,,,"Arrow_small_darkElixirFire2",,,,,,,,,,,,,,,,"Archer_new_lvl4",1,,,,,,,,,,,,,,,,,,,,,,,,125,,,,,,,,,,,,,,,,,,,,,,,,,,,,,,,,,,,,,,,,,,,,,,,,12,4,,,,10,,,,,,,,,
"Gargoyle2","TID_TOXIC_MINION","TID_CHARACTER_INFO_TOXIC_MINION","sc/characters.cs",2,4,2,400,100,60,"Elixir2",,1,,"Elixir2",50000,1,400,1000,36,1,,,,"sc/ui.sc","icon_unit_glowing_minion","unit_glow_minion_big","sc/info_glowing_minion.sc","gargoyle2_projectile","gargoyle2_special_projectile",,,,"Toxic Gargoyle Deploy","Toxic Gargoyle Attack","Toxic Gargoyle Attack 2","Toxic Gargoyle Hit","Gargoyle2 Hit","true","true","true",,"Toxic Gargoyle Die",,"New_Gargoyle_lvl1",1,"false",,100,"TombStone_village2",,,,,,,,,,,,,,,,,,,,215,,,,,,,,,,,,,,,,,,,,,,-200,60,,,,,,,,,,200,100,,"true",,,,,,,,,,,1,4,,"TID_GARG2_ABILITY_NAME","TID_GARG2_ABILITY_HELP","SpecialProjectile",,100,100,,,,,,,
,,,,,,2,,100,,,,3,,,80000,,,,36,,,,,,,,,,,,,,,,,,,,,,,,,"New_Gargoyle_lvl1",,,,,,,,,,,,,,,,,,,,,,,,,219,,,,,,,,,,,,,,,,,,,,,,,,,,,,,,,,,,,,,,,,,,,,,,,,4,1,,,,2,100,100,,,,,,,
,,,,,,3,,110,,,,5,,,120000,,,,40,,,,,,,,,,,,,,,,,,,,,,,,,"New_Gargoyle_lvl1",,,,,,,,,,,,,,,,,,,,,,,,,223,,,,,,,,,,,,,,,,,,,,,,,,,,,,,,,,,,,,,,,,,,,,,,,,4,1,,,,2,100,100,,,,,,,
,,,,,,3,,110,,,,12,,,250000,,,,40,,,,,,,,,,,,,,,,,,,,,,,,,"New_Gargoyle_lvl1",,,,,,,,,,,,,,,,,,,,,,,,,226,,,,,,,,,,,,,,,,,,,,,,,,,,,,,,,,,,,,,,,,,,,,,,,,4,2,,,,3,100,100,,,,,,,
,,,,,,4,,121,,,,12,,,280000,,,,44,,,,,,,,,,,,,,,,,,,,,,,,,"New_Gargoyle_lvl2",,,,,,,,,,,,,,,,,,,,,,,,,230,,,,,,,,,,,,,,,,,,,,,,,,,,,,,,,,,,,,,,,,,,,,,,,,4,2,,,,3,100,100,,,,,,,
,,,,,,4,,121,,,,24,,,320000,,,,44,,,,,,,,,,,,,,,,,,,,,,,,,"New_Gargoyle_lvl2",,,,,,,,,,,,,,,,,,,,,,,,,234,,,,,,,,,,,,,,,,,,,,,,,,,,,,,,,,,,,,,,,,,,,,,,,,6,2,,,,3,100,100,,,,,,,
,,,,,,4,,133,,,,24,,,360000,,,,48,,,,,,,,,,,,,,,,,,,,,,,,,"New_Gargoyle_lvl2",,,,,,,,,,,,,,,,,,,,,,,,,238,,,,,,,,,,,,,,,,,,,,,,,,,,,,,,,,,,,,,,,,,,,,,,,,6,2,,,,3,100,100,,,,,,,
,,,,,,4,,133,,,,48,,,900000,,,,48,,,,,,,,,,,,,,,,,,,,,,,,,"New_Gargoyle_lvl2",,,,,,,,,,,,,,,,,,,,,,,,,241,,,,,,,,,,,,,,,,,,,,,,,,,,,,,,,,,,,,,,,,,,,,,,,,6,3,,,,4,100,100,,,,,,,
,,,,,,5,,146,,,,48,,,1100000,,,,53,,,,,,,,,,,,,,,,,,,,,,,,,"New_Gargoyle_lvl3",,,,,,,,,,,,,,,,,,,,,,,,,245,,,,,,,,,,,,,,,,,,,,,,,,,,,,,,,,,,,,,,,,,,,,,,,,6,3,,,,4,100,100,,,,,,,
,,,,,,5,,146,,,,72,,,1300000,,,,53,,,,,,,,,,,,,,,,,,,,,,,,,"New_Gargoyle_lvl3",,,,,,,,,,,,,,,,,,,,,,,,,249,,,,,,,,,,,,,,,,,,,,,,,,,,,,,,,,,,,,,,,,,,,,,,,,8,3,,,,4,100,100,,,,,,,
,,,,,,6,,161,,,,72,,,1500000,,,,58,,,,,,,,,,,,,,,,,,,,,,,,,"New_Gargoyle_lvl3",,,,,,,,,,,,,,,,,,,,,,,,,253,,,,,,,,,,,,,,,,,,,,,,,,,,,,,,,,,,,,,,,,,,,,,,,,8,3,,,,4,100,100,,,,,,,
,,,,,,6,,161,,,,96,,,2300000,,,,58,,,,,,,,,,,,,,,,,,,,,,,,,"New_Gargoyle_lvl3",,,,,,,,,,,,,,,,,,,,,,,,,258,,,,,,,,,,,,,,,,,,,,,,,,,,,,,,,,,,,,,,,,,,,,,,,,10,3,,,,4,100,100,,,,,,,
,,,,,,7,,177,,,,96,,,2500000,,,,64,,,,,,,,,,,,,,,,,,,,,,,,,"New_Gargoyle_lvl4",,,,,,,,,,,,,,,,,,,,,,,,,263,,,,,,,,,,,,,,,,,,,,,,,,,,,,,,,,,,,,,,,,,,,,,,,,10,3,,,,4,100,100,,,,,,,
,,,,,,7,,177,,,,120,,,3300000,,,,64,,,,,,,,,,,,,,,,,,,,,,,,,"New_Gargoyle_lvl4",,,,,,,,,,,,,,,,,,,,,,,,,268,,,,,,,,,,,,,,,,,,,,,,,,,,,,,,,,,,,,,,,,,,,,,,,,10,4,,,,5,100,100,,,,,,,
,,,,,,8,,195,,,,120,,,3500000,,,,70,,,,,,,,,,,,,,,,,,,,,,,,,"New_Gargoyle_lvl4",,,,,,,,,,,,,,,,,,,,,,,,,273,,,,,,,,,,,,,,,,,,,,,,,,,,,,,,,,,,,,,,,,,,,,,,,,10,4,,,,5,100,100,,,,,,,
,,,,,,8,,195,,,,,,,,,,,70,,,,,,,,,,,,,,,,,,,,,,,,,"New_Gargoyle_lvl4",,,,,,,,,,,,,,,,,,,,,,,,,278,,,,,,,,,,,,,,,,,,,,,,,,,,,,,,,,,,,,,,,,,,,,,,,,10,5,,,,6,100,100,,,,,,,
"Giant2","TID_IRONFIST_GIANT","TID_CHARACTER_INFO_IRONFIST_GIANT","sc/characters.cs",5,3,2,150,1200,60,"Elixir2",,0,30,"Elixir2",20000,2,100,2000,36,1,,,,"sc/ui.sc","icon_unit_boxergiant","unit_boxer_giant_big","sc/info_ironfist_giant.sc",,,,"Defense",,"Giant Deploy","Giant Attack",,"Giant Hit",,"false","false","true",,"Giant Die",,"Giant1_new",1,"false",,0,"TombStone_village2",,,,,,,,,,,,,,,,,,,,198,,,,,,,,,,,,,,,,,,,,,,,-50,,,,,,,,,,600,500,,"true",,,,,,,,,,,1,2,,"TID_GIANT_ABILITY_NAME","TID_GIANT_ABILITY_HELP","BigFirstHit",,,,,"Giant Big Hit",,,,,
,,,,,,2,,1200,,,,1,0,,40000,,,,36,,,,,,,,,,,,,,,,,,,,,,,,,"Giant1_new",1,,,,,,,,,,,,,,,,,,,,,,,,204,,,,,,,,,,,,,,,,,,,,,,,,,,,,,,,,,,,,,,,,,,,,,,,,2,1,,,,250,,,,,,,,,
,,,,,,3,,1320,,,,2,0,,60000,,,,40,,,,,,,,,,,,,,,,,,,,,,,,,"Giant1_new",1,,,,,,,,,,,,,,,,,,,,,,,,212,,,,,,,,,,,,,,,,,,,,,,,,,,,,,,,,,,,,,,,,,,,,,,,,2,1,,,,250,,,,,,,,,
,,,,,,3,,1520,,,,12,0,,300000,,,,40,,,,,,,,,,,,,,,,,,,,,,,,,"Giant1_new",1,,,,,,,,,,,,,,,,,,,,,,,,220,,,,,,,,,,,,,,,,,,,,,,,,,,,,,,,,,,,,,,,,,,,,,,,,2,1,,,,250,,,,,,,,,
,,,,,,4,,1652,,,,12,0,,320000,,,,44,,,,,,,,,,,,,,,,,,,,,,,,,"Giant2_new",1,,,,,,,,,,,,,,,,,,,,,,,,228,,,,,,,,,,,,,,,,,,,,,,,,,,,,,,,,,,,,,,,,,,,,,,,,2,1,,,,250,,,,,,,,,
,,,,,,4,,1652,,,,24,0,,340000,,,,44,,,,,,,,,,,,,,,,,,,,,,,,,"Giant2_new",1,,,,,,,,,,,,,,,,,,,,,,,,236,,,,,,,,,,,,,,,,,,,,,,,,,,,,,,,,,,,,,,,,,,,,,,,,2,2,,,,300,,,,,,,,,
,,,,,,4,,1797,,,,48,0,,380000,,,,48,,,,,,,,,,,,,,,,,,,,,,,,,"Giant2_new",1,,,,,,,,,,,,,,,,,,,,,,,,244,,,,,,,,,,,,,,,,,,,,,,,,,,,,,,,,,,,,,,,,,,,,,,,,2,2,,,,300,,,,,,,,,
,,,,,,4,,1797,,,,48,0,,1000000,,,,48,,,,,,,,,,,,,,,,,,,,,,,,,"Giant2_new",1,,,,,,,,,,,,,,,,,,,,,,,,252,,,,,,,,,,,,,,,,,,,,,,,,,,,,,,,,,,,,,,,,,,,,,,,,3,2,,,,300,,,,,,,,,
,,,,,,5,,1957,,,,72,0,,1200000,,,,53,,,,,,,,,,,,,,,,,,,,,,,,,"Giant3_new",1,,,,,,,,,,,,,,,,,,,,,,,,262,,,,,,,,,,,,,,,,,,,,,,,,,,,,,,,,,,,,,,,,,,,,,,,,3,2,,,,300,,,,,,,,,
,,,,,,5,,1957,,,,72,0,,1300000,,,,53,,,,,,,,,,,,,,,,,,,,,,,,,"Giant3_new",1,,,,,,,,,,,,,,,,,,,,,,,,272,,,,,,,,,,,,,,,,,,,,,,,,,,,,,,,,,,,,,,,,,,,,,,,,3,3,,,,400,,,,,,,,,
,,,,,,6,,2133,,,,96,0,,1500000,,,,58,,,,,,,,,,,,,,,,,,,,,,,,,"Giant3_new",1,,,,,,,,,,,,,,,,,,,,,,,,282,,,,,,,,,,,,,,,,,,,,,,,,,,,,,,,,,,,,,,,,,,,,,,,,3,3,,,,400,,,,,,,,,
,,,,,,6,,2383,,,,96,0,,2300000,,,,58,,,,,,,,,,,,,,,,,,,,,,,,,"Giant3_new",1,,,,,,,,,,,,,,,,,,,,,,,,292,,,,,,,,,,,,,,,,,,,,,,,,,,,,,,,,,,,,,,,,,,,,,,,,3,3,,,,400,,,,,,,,,
,,,,,,7,,2576,,,,120,0,,2500000,,,,64,,,,,,,,,,,,,,,,,,,,,,,,,"Giant4_new",1,,,,,,,,,,,,,,,,,,,,,,,,302,,,,,,,,,,,,,,,,,,,,,,,,,,,,,,,,,,,,,,,,,,,,,,,,3,3,,,,400,,,,,,,,,
,,,,,,7,,2576,,,,120,0,,3300000,,,,64,,,,,,,,,,,,,,,,,,,,,,,,,"Giant4_new",1,,,,,,,,,,,,,,,,,,,,,,,,314,,,,,,,,,,,,,,,,,,,,,,,,,,,,,,,,,,,,,,,,,,,,,,,,3,4,,,,500,,,,,,,,,
,,,,,,8,,2789,,,,144,,,3500000,,,,70,,,,,,,,,,,,,,,,,,,,,,,,,"Giant4_new",1,,,,,,,,,,,,,,,,,,,,,,,,326,,,,,,,,,,,,,,,,,,,,,,,,,,,,,,,,,,,,,,,,,,,,,,,,3,4,,,,500,,,,,,,,,
,,,,,,8,,2789,,,,,,,,,,,70,,,,,,,,,,,,,,,,,,,,,,,,,"Giant4_new",1,,,,,,,,,,,,,,,,,,,,,,,,338,,,,,,,,,,,,,,,,,,,,,,,,,,,,,,,,,,,,,,,,,,,,,,,,4,4,,,,500,,,,,,,,,
"Bomber2","TID_BOMBER","TID_CHARACTER_INFO_BOMBER","sc/characters.cs",2,5,3,200,100,60,"Elixir2",,6,,"Elixir2",150000,2,350,2000,36,15,160,,,"sc/ui.sc","icon_unit_bomber","unit_bomber_big","sc/info_bomber.sc","Bomber Projectile","Bomber Projectile Alt",,"Wall","TRUE","Bomber Deploy","Bomber Attack",,"Bomber Hit",,"false","false","true",,"Bomber Die",,"Wall Breaker1_new",1,"false",,0,"TombStone_village2",,,,,,,,,,,,,,,,,,,,448,,,,,,,,,,,,,,,,,,,,,,,-50,,,,,,,,,,50,50,,"true",,,,,,,,,,,1,2,,"TID_BOMBER_ABILITY","TID_BOMBER_ABILITY_HELP","SpecialProjectile",,0,200,,"Bomber Big Hit",,,,,
,,,,,,3,,100,,,,8,,,200000,,,,36,,,,,,,,,,,,,,,,,,,,,,,,,"Wall Breaker1_new",1,,,,,,,,,,,,,,,,,,,,,,,,456,,,,,,,,,,,,,,,,,,,,,,,,,,,,,,,,,,,,,,,,,,,,,,,,2,1,,,,1,0,200,,,,,,,
,,,,,,4,,110,,,,12,,,250000,,,,40,,,,,,,,,,,,,,,,,,,,,,,,,"Wall Breaker1_new",1,,,,,,,,,,,,,,,,,,,,,,,,464,,,,,,,,,,,,,,,,,,,,,,,,,,,,,,,,,,,,,,,,,,,,,,,,2,1,,,,1,0,200,,,,,,,
,,,,,,4,,110,,,,12,,,280000,,,,40,,,,,,,,,,,,,,,,,,,,,,,,,"Wall Breaker1_new",1,,,,,,,,,,,,,,,,,,,,,,,,472,,,,,,,,,,,,,,,,,,,,,,,,,,,,,,,,,,,,,,,,,,,,,,,,3,1,,,,1,0,200,,,,,,,
,,,,,,4,,121,,,,24,,,320000,,,,44,,,,,,,,,,,,,,,,,,,,,,,,,"Wall Breaker2_new",1,,,,,,,,,,,,,,,,,,,,,,,,480,,,,,,,,,,,,,,,,,,,,,,,,,,,,,,,,,,,,,,,,,,,,,,,,3,1,,,,1,0,200,,,,,,,
,,,,,,4,,121,,,,24,,,340000,,,,44,,,,,,,,,,,,,,,,,,,,,,,,,"Wall Breaker2_new",1,,,,,,,,,,,,,,,,,,,,,,,,488,,,,,,,,,,,,,,,,,,,,,,,,,,,,,,,,,,,,,,,,,,,,,,,,3,2,,,,1,0,250,,,,,,,
,,,,,,4,,133,,,,48,,,360000,,,,48,,,,,,,,,,,,,,,,,,,,,,,,,"Wall Breaker2_new",1,,,,,,,,,,,,,,,,,,,,,,,,496,,,,,,,,,,,,,,,,,,,,,,,,,,,,,,,,,,,,,,,,,,,,,,,,3,2,,,,1,0,250,,,,,,,
,,,,,,4,,133,,,,48,,,900000,,,,48,,,,,,,,,,,,,,,,,,,,,,,,,"Wall Breaker2_new",1,,,,,,,,,,,,,,,,,,,,,,,,504,,,,,,,,,,,,,,,,,,,,,,,,,,,,,,,,,,,,,,,,,,,,,,,,3,3,,,,1,0,300,,,,,,,
,,,,,,5,,146,,,,48,,,1000000,,,,53,,,,,,,,,,,,,,,,,,,,,,,,,"Wall Breaker3_new",1,,,,,,,,,,,,,,,,,,,,,,,,512,,,,,,,,,,,,,,,,,,,,,,,,,,,,,,,,,,,,,,,,,,,,,,,,3,3,,,,1,0,300,,,,,,,
,,,,,,5,,146,,,,72,,,1200000,,,,53,,,,,,,,,,,,,,,,,,,,,,,,,"Wall Breaker3_new",1,,,,,,,,,,,,,,,,,,,,,,,,520,,,,,,,,,,,,,,,,,,,,,,,,,,,,,,,,,,,,,,,,,,,,,,,,4,3,,,,1,0,300,,,,,,,
,,,,,,6,,161,,,,72,,,1400000,,,,58,,,,,,,,,,,,,,,,,,,,,,,,,"Wall Breaker4_new",1,,,,,,,,,,,,,,,,,,,,,,,,528,,,,,,,,,,,,,,,,,,,,,,,,,,,,,,,,,,,,,,,,,,,,,,,,4,3,,,,1,0,300,,,,,,,
,,,,,,6,,161,,,,96,,,2200000,,,,58,,,,,,,,,,,,,,,,,,,,,,,,,"Wall Breaker4_new",1,,,,,,,,,,,,,,,,,,,,,,,,536,,,,,,,,,,,,,,,,,,,,,,,,,,,,,,,,,,,,,,,,,,,,,,,,4,4,,,,1,0,350,,,,,,,
,,,,,,7,,177,,,,96,,,2400000,,,,64,,,,,,,,,,,,,,,,,,,,,,,,,"Wall Breaker5_new",1,,,,,,,,,,,,,,,,,,,,,,,,544,,,,,,,,,,,,,,,,,,,,,,,,,,,,,,,,,,,,,,,,,,,,,,,,4,4,,,,1,0,350,,,,,,,
,,,,,,7,,177,,,,120,,,3200000,,,,64,,,,,,,,,,,,,,,,,,,,,,,,,"Wall Breaker5_new",1,,,,,,,,,,,,,,,,,,,,,,,,552,,,,,,,,,,,,,,,,,,,,,,,,,,,,,,,,,,,,,,,,,,,,,,,,4,5,,,,1,0,400,,,,,,,
,,,,,,8,,195,,,,120,,,3400000,,,,70,,,,,,,,,,,,,,,,,,,,,,,,,"Wall Breaker6_new",1,,,,,,,,,,,,,,,,,,,,,,,,560,,,,,,,,,,,,,,,,,,,,,,,,,,,,,,,,,,,,,,,,,,,,,,,,4,5,,,,1,0,400,,,,,,,
,,,,,,8,,195,,,,,,,,,,,70,,,,,,,,,,,,,,,,,,,,,,,,,"Wall Breaker6_new",1,,,,,,,,,,,,,,,,,,,,,,,,568,,,,,,,,,,,,,,,,,,,,,,,,,,,,,,,,,,,,,,,,,,,,,,,,5,5,,,,1,0,400,,,,,,,
"PEKKA2","TID_SUPER_CHARGED_PEKKA","TID_CHARACTER_INFO_SUPER_CHARGED_PEKKA","sc/characters.cs",25,10,7,200,3000,60,"Elixir2",,24,,"Elixir2",1600000,25,80,1800,200,1,,,,"sc/ui.sc","icon_unit_electric_pekka","unit_charged_pekka_big","sc/info_super_charged_pekka.sc",,,,,,"Pekka Deploy","Pekka Attack",,"Pekka Hit",,"false","false","true",,,,"PEKKA1_new",1,"false",,0,"TombStone_village2",,160,"New Pekka death",3000,,,,,,,,,,,,,,,,1250,,,,,,,,,,,,,,,,,,,,,,,-50,,,,,,,,,,3000,2000,,"true",,,,,,,,,,,1,1,,"TID_PEKKA2_ABILITY_NAME","TID_PEKKA2_ABILITY_HELP","DieDamage",,,,,,,,,,
,,,,,,7,,3000,,,,48,,,1700000,,,,200,,,,,,,,,,,,,,,,,,,,,,,"New Pekka pre death",,"PEKKA1_new",1,,,,,400,,,,,,,,,,,,,,,,,,,1262,,,,,,,,,,,,,,,,,,,,,,,,,,,,,,,,,,,,,,,,,,,,,,,,1,1,,,,400,,,,,,,,,
,,,,,,8,,3300,,,,48,,,1800000,,,,220,,,,,,,,,,,,,,,,,,,,,,,,,"PEKKA1_new",1,,,,,400,,,,,,,,,,,,,,,,,,,1274,,,,,,,,,,,,,,,,,,,,,,,,,,,,,,,,,,,,,,,,,,,,,,,,1,1,,,,400,,,,,,,,,
,,,,,,8,,3300,,,,48,,,1900000,,,,220,,,,,,,,,,,,,,,,,,,,,,,,,"PEKKA1_new",1,,,,,480,,,,,,,,,,,,,,,,,,,1286,,,,,,,,,,,,,,,,,,,,,,,,,,,,,,,,,,,,,,,,,,,,,,,,1,2,,,,480,,,,,,,,,
,,,,,,8,,3630,,,,72,,,2000000,,,,242,,,,,,,,,,,,,,,,,,,,,,,,,"PEKKA1_new",1,,,,,480,,,,,,,,,,,,,,,,,,,1298,,,,,,,,,,,,,,,,,,,,,,,,,,,,,,,,,,,,,,,,,,,,,,,,1,2,,,,480,,,,,,,,,
,,,,,,8,,3630,,,,72,,,2200000,,,,242,,,,,,,,,,,,,,,,,,,,,,,,,"PEKKA1_new",1,,,,,580,,,,,,,,,,,,,,,,,,,1310,,,,,,,,,,,,,,,,,,,,,,,,,,,,,,,,,,,,,,,,,,,,,,,,1,3,,,,580,,,,,,,,,
,,,,,,8,,3993,,,,72,,,2400000,,,,266,,,,,,,,,,,,,,,,,,,,,,,,,"PEKKA1_new",1,,,,,580,,,,,,,,,,,,,,,,,,,1323,,,,,,,,,,,,,,,,,,,,,,,,,,,,,,,,,,,,,,,,,,,,,,,,1,3,,,,580,,,,,,,,,
,,,,,,8,,3993,,,,96,,,2600000,,,,266,,,,,,,,,,,,,,,,,,,,,,,,,"PEKKA2_new",1,,,,,680,,,,,,,,,,,,,,,,,,,1336,,,,,,,,,,,,,,,,,,,,,,,,,,,,,,,,,,,,,,,,,,,,,,,,1,4,,,,680,,,,,,,,,
,,,,,,8,,4392,,,,96,,,2800000,,,,293,,,,,,,,,,,,,,,,,,,,,,,,,"PEKKA2_new",1,,,,,680,,,,,,,,,,,,,,,,,,,1349,,,,,,,,,,,,,,,,,,,,,,,,,,,,,,,,,,,,,,,,,,,,,,,,1,4,,,,680,,,,,,,,,
,,,,,,8,,4392,,,,96,,,3000000,,,,293,,,,,,,,,,,,,,,,,,,,,,,,,"PEKKA2_new",1,,,,,800,,,,,,,,,,,,,,,,,,,1362,,,,,,,,,,,,,,,,,,,,,,,,,,,,,,,,,,,,,,,,,,,,,,,,1,5,,,,800,,,,,,,,,
,,,,,,8,,4831,,,,120,,,3200000,,,,322,,,,,,,,,,,,,,,,,,,,,,,,,"PEKKA2_new",1,,,,,800,,,,,,,,,,,,,,,,,,,1375,,,,,,,,,,,,,,,,,,,,,,,,,,,,,,,,,,,,,,,,,,,,,,,,1,5,,,,800,,,,,,,,,
,,,,,,8,,4831,,,,120,,,3400000,,,,322,,,,,,,,,,,,,,,,,,,,,,,,,"PEKKA2_new",1,,,,,920,,,,,,,,,,,,,,,,,,,1388,,,,,,,,,,,,,,,,,,,,,,,,,,,,,,,,,,,,,,,,,,,,,,,,1,6,,,,920,,,,,,,,,
,,,,,,8,,5314,,,,120,,,3600000,,,,354,,,,,,,,,,,,,,,,,,,,,,,,,"PEKKA2_new",1,,,,,920,,,,,,,,,,,,,,,,,,,1401,,,,,,,,,,,,,,,,,,,,,,,,,,,,,,,,,,,,,,,,,,,,,,,,1,6,,,,920,,,,,,,,,
,,,,,,8,,5314,,,,144,,,3800000,,,,354,,,,,,,,,,,,,,,,,,,,,,,,,"PEKKA3_new",1,,,,,1060,,,,,,,,,,,,,,,,,,,1415,,,,,,,,,,,,,,,,,,,,,,,,,,,,,,,,,,,,,,,,,,,,,,,,1,7,,,,1060,,,,,,,,,
,,,,,,8,,5845,,,,144,,,4000000,,,,389,,,,,,,,,,,,,,,,,,,,,,,,,"PEKKA3_new",1,,,,,1060,,,,,,,,,,,,,,,,,,,1429,,,,,,,,,,,,,,,,,,,,,,,,,,,,,,,,,,,,,,,,,,,,,,,,1,7,,,,1060,,,,,,,,,
,,,,,,8,,5845,,,,,,,,,,,389,,,,,,,,,,,,,,,,,,,,,,,,,"PEKKA3_new",1,,,,,1200,,,,,,,,,,,,,,,,,,,1443,,,,,,,,,,,,,,,,,,,,,,,,,,,,,,,,,,,,,,,,,,,,,,,,1,8,,,,1200,,,,,,,,,
"Moving Cannon","TID_MOVING_CANNON","TID_CHARACTER_INFO_MOVING_CANNON","sc/characters.cs",5,7,4,150,200,60,"Elixir2",,12,,"Elixir2",400000,1,450,1200,100,1,,,,"sc/ui.sc","icon_unit_movingCannon","unit_movingCannon_big","sc/info_moving_cannon.sc","Moving Cannon Cannonball",,,,,"Moving Cannon Deploy","Moving Cannon Attack",,"Moving Cannon Hit",,"false","false","true",,"Moving Cannon Die",,"MovingCannon_lvl1",1,"false",,0,,,,,,,,,,,,,,,,,,,,,895,,,,,,,,,,,,,,,,,,,,,,,-50,,,,,,,,,,100,100,,"true",,,"Moving_cannon_move",,,,,,,,1,2,,"TID_CANNON_ABILITY_NAME","TID_CANNON_ABILITY_HELP","RespawnAsCannon",1,100,,,,,,,,
,,,,,,4,,200,,,,24,,,500000,,,,100,,,,,,,,,,,,,,,,,,,,,,,,,"MovingCannon_lvl1",1,,,,,,,,,,,,,,,,,,,,,,,,910,,,,,,,,,,,,,,,,,,,,,,,,,,,,,,,,,,,,,,,,,,,,,,,,2,1,,,,2,100,,,,,,,,
,,,,,,5,,220,,,,24,,,600000,,,,110,,,,,,,,,,,,,,,,,,,,,,,,,"MovingCannon_lvl1",1,,,,,,,,,,,,,,,,,,,,,,,,925,,,,,,,,,,,,,,,,,,,,,,,,,,,,,,,,,,,,,,,,,,,,,,,,2,1,,,,3,100,,,,,,,,
,,,,,,5,,220,,,,24,,,700000,,,,110,,,,,,,,,,,,,,,,,,,,,,,,,"MovingCannon_lvl1",1,,,,,,,,,,,,,,,,,,,,,,,,940,,,,,,,,,,,,,,,,,,,,,,,,,,,,,,,,,,,,,,,,,,,,,,,,2,2,,,,4,150,,,,,,,,
,,,,,,5,,242,,,,24,,,800000,,,,121,,,,,,,,,,,,,,,,,,,,,,,,,"MovingCannon_lvl2",1,,,,,,,,,,,,,,,,,,,,,,,,955,,,,,,,,,,,,,,,,,,,,,,,,,,,,,,,,,,,,,,,,,,,,,,,,2,2,,,,5,150,,,,,,,,
,,,,,,5,,242,,,,48,,,900000,,,,141,,,,,,,,,,,,,,,,,,,,,,,,,"MovingCannon_lvl2",1,,,,,,,,,,,,,,,,,,,,,,,,970,,,,,,,,,,,,,,,,,,,,,,,,,,,,,,,,,,,,,,,,,,,,,,,,2,2,,,,6,150,,,,,,,,
,,,,,,5,,266,,,,48,,,1000000,,,,153,,,,,,,,,,,,,,,,,,,,,,,,,"MovingCannon_lvl2",1,,,,,,,,,,,,,,,,,,,,,,,,985,,,,,,,,,,,,,,,,,,,,,,,,,,,,,,,,,,,,,,,,,,,,,,,,2,2,,,,7,150,,,,,,,,
,,,,,,5,,266,,,,72,,,1100000,,,,153,,,,,,,,,,,,,,,,,,,,,,,,,"MovingCannon_lvl2",1,,,,,,,,,,,,,,,,,,,,,,,,1000,,,,,,,,,,,,,,,,,,,,,,,,,,,,,,,,,,,,,,,,,,,,,,,,2,3,,,,8,200,,,,,,,,
,,,,,,5,,293,,,,72,,,1200000,,,,166,,,,,,,,,,,,,,,,,,,,,,,,,"MovingCannon_lvl3",1,,,,,,,,,,,,,,,,,,,,,,,,1020,,,,,,,,,,,,,,,,,,,,,,,,,,,,,,,,,,,,,,,,,,,,,,,,2,3,,,,9,200,,,,,,,,
,,,,,,5,,293,,,,72,,,1400000,,,,186,,,,,,,,,,,,,,,,,,,,,,,,,"MovingCannon_lvl3",1,,,,,,,,,,,,,,,,,,,,,,,,1040,,,,,,,,,,,,,,,,,,,,,,,,,,,,,,,,,,,,,,,,,,,,,,,,2,3,,,,10,200,,,,,,,,
,,,,,,6,,322,,,,96,,,1600000,,,,201,,,,,,,,,,,,,,,,,,,,,,,,,"MovingCannon_lvl3",1,,,,,,,,,,,,,,,,,,,,,,,,1060,,,,,,,,,,,,,,,,,,,,,,,,,,,,,,,,,,,,,,,,,,,,,,,,2,3,,,,11,200,,,,,,,,
,,,,,,6,,322,,,,96,,,2400000,,,,201,,,,,,,,,,,,,,,,,,,,,,,,,"MovingCannon_lvl3",1,,,,,,,,,,,,,,,,,,,,,,,,1080,,,,,,,,,,,,,,,,,,,,,,,,,,,,,,,,,,,,,,,,,,,,,,,,2,4,,,,12,300,,,,,,,,
,,,,,,7,,354,,,,120,,,2600000,,,,217,,,,,,,,,,,,,,,,,,,,,,,,,"MovingCannon_lvl4",1,,,,,,,,,,,,,,,,,,,,,,,,1100,,,,,,,,,,,,,,,,,,,,,,,,,,,,,,,,,,,,,,,,,,,,,,,,2,4,,,,13,300,,,,,,,,
,,,,,,7,,354,,,,120,,,3400000,,,,237,,,,,,,,,,,,,,,,,,,,,,,,,"MovingCannon_lvl4",1,,,,,,,,,,,,,,,,,,,,,,,,1120,,,,,,,,,,,,,,,,,,,,,,,,,,,,,,,,,,,,,,,,,,,,,,,,2,4,,,,14,300,,,,,,,,
,,,,,,8,,389,,,,144,,,3600000,,,,255,,,,,,,,,,,,,,,,,,,,,,,,,"MovingCannon_lvl4",1,,,,,,,,,,,,,,,,,,,,,,,,1140,,,,,,,,,,,,,,,,,,,,,,,,,,,,,,,,,,,,,,,,,,,,,,,,2,4,,,,15,300,,,,,,,,
,,,,,,8,,389,,,,,,,,,,,255,,,,,,,,,,,,,,,,,,,,,,,,,"MovingCannon_lvl4",1,,,,,,,,,,,,,,,,,,,,,,,,1160,,,,,,,,,,,,,,,,,,,,,,,,,,,,,,,,,,,,,,,,,,,,,,,,3,4,,,,16,300,,,,,,,,
"Balloon2","TID_BALLOON_CARRIER","TID_INFO_BALLOON_CARRIER","sc/characters.cs",5,9,6,150,1200,60,"Elixir2",,12,,"Elixir2",1100000,5,50,6000,10,1,75,,"true","sc/ui.sc","icon_unit_skeletonBalloon","unit_skeletonCarrier_big","sc/info_witch.sc",,,,,,"Balloon Goblin Deploy","Balloon Goblin Attack",,"Balloon Goblin Hit",,"true","false","true",,"Balloon Goblin Die",,"New Balloon1",1,"false",,20,"TombStone_village2",0,200,"Balloon Exposion",416,,,,,75,,,,"Balloon Skeleton",3,2700,,9,,"true",700,,,,,,,,,,,,,,,,,,,,,,-750,100,,,,,,,,,,600,500,,"true",,,,,,,,,,,1,2,,"TID_BALLOON2_ABILITY_NAME","TID_BALLOON2_ABILITY_HELP","SpawnUnits",,,,,,,,,,
,,,,,,6,,1200,,,,12,,,1200000,,,6000,10,,,,,,,,,,,,,,,,,,,,,,,,,"New Balloon1",1,,,,,100,,"Balloon Exposion",,,,,,,,,,,,,,9,,,728,,,,,,,,,,,,,,,,,,,,,,,,,,,,,,,,,,,,,,,,,,,,,,,,2,1,,,,4,100,,,,,,,,
,,,,,,7,,1320,,,,24,,,1300000,,,6000,10,,,,,,,,,,,,,,,,,,,,,,,,,"New Balloon1",1,,,,,100,,"Balloon Exposion",,,,,,,,,,,,,,9,,,757,,,,,,,,,,,,,,,,,,,,,,,,,,,,,,,,,,,,,,,,,,,,,,,,2,1,,,,4,100,,,,,,,,
,,,,,,7,,1320,,,,24,,,1400000,,,5217,10,,,,,,,,,,,,,,,,,,,,,,,,,"New Balloon1",1,,,,,100,,"Balloon Exposion",,,,,,,,,,,,,,9,,,787,,,,,,,,,,,,,,,,,,,,,,,,,,,,,,,,,,,,,,,,,,,,,,,,2,1,,,,4,100,,,,,,,,
,,,,,,7,,1452,,,,24,,,1500000,,,5217,10,,,,,,,,,,,,,,,,,,,,,,,,,"New Balloon2",1,,,,,100,,"Balloon Exposion",,,,,,,,,,,,,,9,,,818,,,,,,,,,,,,,,,,,,,,,,,,,,,,,,,,,,,,,,,,,,,,,,,,2,1,,,,4,100,,,,,,,,
,,,,,,7,,1452,,,,48,,,1600000,,,5217,10,,,,,,,,,,,,,,,,,,,,,,,,,"New Balloon2",1,,,,,150,,"Balloon Exposion",,,,,,,,,,,,,,9,,,850,,,,,,,,,,,,,,,,,,,,,,,,,,,,,,,,,,,,,,,,,,,,,,,,2,2,,,,6,150,,,,,,,,
,,,,,,7,,1597,,,,48,,,1700000,,,5217,10,,,,,,,,,,,,,,,,,,,,,,,,,"New Balloon2",1,,,,,150,,"Balloon Exposion",,,,,,,,,,,,,,9,,,884,,,,,,,,,,,,,,,,,,,,,,,,,,,,,,,,,,,,,,,,,,,,,,,,2,2,,,,6,150,,,,,,,,
,,,,,,7,,1597,,,,48,,,1800000,,,4537,10,,,,,,,,,,,,,,,,,,,,,,,,,"New Balloon2",1,,,,,150,,"Balloon Exposion",,,,,,,,,,,,,,9,,,919,,,,,,,,,,,,,,,,,,,,,,,,,,,,,,,,,,,,,,,,,,,,,,,,2,2,,,,6,150,,,,,,,,
,,,,,,7,,1757,,,,96,,,2000000,,,4537,10,,,,,,,,,,,,,,,,,,,,,,,,,"New Balloon3",1,,,,,150,,"Balloon Exposion",,,,,,,,,,,,,,9,,,955,,,,,,,,,,,,,,,,,,,,,,,,,,,,,,,,,,,,,,,,,,,,,,,,2,2,,,,6,150,,,,,,,,
,,,,,,7,,1757,,,,96,,,2200000,,,4537,10,,,,,,,,,,,,,,,,,,,,,,,,,"New Balloon3",1,,,,,150,,"Balloon Exposion",,,,,,,,,,,,,,9,,,993,,,,,,,,,,,,,,,,,,,,,,,,,,,,,,,,,,,,,,,,,,,,,,,,2,3,,,,9,225,,,,,,,,
,,,,,,7,,1933,,,,96,,,2400000,,,4537,10,,,,,,,,,,,,,,,,,,,,,,,,,"New Balloon3",1,,,,,150,,"Balloon Exposion",,,,,,,,,,,,,,9,,,1032,,,,,,,,,,,,,,,,,,,,,,,,,,,,,,,,,,,,,,,,,,,,,,,,2,3,,,,9,225,,,,,,,,
,,,,,,7,,1933,,,,120,,,2600000,,,3945,10,,,,,,,,,,,,,,,,,,,,,,,,,"New Balloon3",1,,,,,225,,"Balloon Exposion",,,,,,,,,,,,,,9,,,1073,,,,,,,,,,,,,,,,,,,,,,,,,,,,,,,,,,,,,,,,,,,,,,,,2,3,,,,9,225,,,,,,,,
,,,,,,7,,2126,,,,120,,,2800000,,,3945,10,,,,,,,,,,,,,,,,,,,,,,,,,"New Balloon4",1,,,,,225,,"Balloon Exposion",,,,,,,,,,,,,,9,,,1115,,,,,,,,,,,,,,,,,,,,,,,,,,,,,,,,,,,,,,,,,,,,,,,,2,3,,,,9,225,,,,,,,,
,,,,,,7,,2126,,,,144,,,3600000,,,3945,10,,,,,,,,,,,,,,,,,,,,,,,,,"New Balloon4",1,,,,,225,,"Balloon Exposion",,,,,,,,,,,,,,9,,,1159,,,,,,,,,,,,,,,,,,,,,,,,,,,,,,,,,,,,,,,,,,,,,,,,2,4,,,,12,300,,,,,,,,
,,,,,,8,,2339,,,,144,,,3800000,,,3945,10,,,,,,,,,,,,,,,,,,,,,,,,,"New Balloon4",1,,,,,225,,"Balloon Exposion",,,,,,,,,,,,,,9,,,1205,,,,,,,,,,,,,,,,,,,,,,,,,,,,,,,,,,,,,,,,,,,,,,,,2,4,,,,12,300,,,,,,,,
,,,,,,8,,2339,,,,,,,,,,3431,10,,,,,,,,,,,,,,,,,,,,,,,,,"New Balloon4",1,,,,,300,,"Balloon Exposion",,,,,,,,,,,,,,9,,,1253,,,,,,,,,,,,,,,,,,,,,,,,,,,,,,,,,,,,,,,,,,,,,,,,2,4,,,,12,300,,,,,,,,
"Placeholder","TID_PEKKA","TID_CHARACTER_INFO_PEKKA","sc/characters.cs",25,99,3,200,2800,60,"Elixir2",,240,,"Elixir2",300000,25,80,2500,216,1,,,,"sc/ui.sc","icon_unit_pekka","unit_pekka_big","sc/info_pekka.sc",,,,,,"Pekka Deploy","Pekka Attack",,"Pekka Hit",,"false","false","true",,"New Pekka pre death",,"PEKKA1_new",1,"false",,0,"TombStone_village2",500,100,"New Pekka death",3000,"true",,,,,,,,,,,,,,,100,,,,,,,,,,,,,,,,,,,,,,,-50,,,,,,,,,,3000,2000,,"true",,,,,,,,,,,1,1,1,,,,,,,,,,,,,
"Balloon Skeleton","TID_SKELETON","TID_CHARACTER_INFO_SKELETON2","sc/characters.cs",1,1,1,300,10,,"Elixir2",,,,"Elixir2",50000,1,40,1000,20,1,,,,"sc/ui.sc","icon_unit_barbarian","unit_skeletonwarrior_withCarrier_big","sc/info_witch.sc",,,,,,"Balloon Skeleton Deploy","Skeleton Attack",,"Skeleton Hit",,"false","false","true",,"Skeleton Die",,"Balloon Skeleton",,"false",,0,,,,,,"true",,"true",,,,,,,,,,,500,,,,,,,,,,,,,,,,,,,,,,,,,-50,,,,,,,,,,100,100,,"false",,,,,,,,,,,1,,,,,,,,,,,,,,,
"BabyDragon2","TID_BABY_DRAGON2","TID_CHARACTER_INFO_BABY_DRAGON2","sc/characters.cs",10,6,3,250,600,60,"Elixir2",,8,,"Elixir2",200000,10,250,1000,40,1,30,,,"sc/ui.sc","icon_unit_babydragon","unit_babydragon_big","sc/info_babydragon.sc","babydragon_projectile",,,,,"Bdragon Deploy","Bdragon Attack",,"Bdragon Hit",,"true","true","true",,"Bdragon Die",,"BabyDragon_lvl1",1,"false",,30,"TombStone_village2",,,,,,,,,,,,,,,,,,,,1260,,,,,,,,,,,,,,,,,,,,,,,,,,,,,,,,,1000,1000,,"true",,,,,,,450,,,,1,2,,"TID_BDRAG2_ABILITY_NAME","TID_BDRAG2_ABILITY_HELP","RageAlone",40,20,,,,,,,,
,,,,,,3,,600,,,,12,,,240000,,,,40,,,,,,,,,"babydragon_projectile",,,,,,,,,,,,,,,,"BabyDragon_lvl1",,,,,,,,,,,,,,,,,,,,,,,,,1275,,,,,,,,,,,,,,,,,,,,,,,,,,,,,,,,,,,,,,,,,,,,,,,,2,1,,,,40,20,,,,,,,,
,,,,,,4,,660,,,,12,,,280000,,,,44,,,,,,,,,"babydragon_projectile",,,,,,,,,,,,,,,,"BabyDragon_lvl1",,,,,,,,,,,,,,,,,,,,,,,,,1290,,,,,,,,,,,,,,,,,,,,,,,,,,,,,,,,,,,,,,,,,,,,,,,,2,1,,,,40,20,,,,,,,,
,,,,,,4,,660,,,,24,,,320000,,,,44,,,,,,,,,"babydragon_projectile",,,,,,,,,,,,,,,,"BabyDragon_lvl1",,,,,,,,,,,,,,,,,,,,,,,,,1305,,,,,,,,,,,,,,,,,,,,,,,,,,,,,,,,,,,,,,,,,,,,,,,,2,2,,,,60,30,,,,,,,,
,,,,,,4,,726,,,,24,,,360000,,,,48,,,,,,,,,"babydragon_projectile_lvl2",,,,,,,,,,,,,,,,"BabyDragon_lvl2",,,,,,,,,,,,,,,,,,,,,,,,,1320,,,,,,,,,,,,,,,,,,,,,,,,,,,,,,,,,,,,,,,,,,,,,,,,2,2,,,,60,30,,,,,,,,
,,,,,,4,,726,,,,48,,,380000,,,,48,,,,,,,,,"babydragon_projectile_lvl2",,,,,,,,,,,,,,,,"BabyDragon_lvl2",,,,,,,,,,,,,,,,,,,,,,,,,1335,,,,,,,,,,,,,,,,,,,,,,,,,,,,,,,,,,,,,,,,,,,,,,,,2,3,,,,80,40,,,,,,,,
,,,,,,4,,799,,,,48,,,400000,,,,53,,,,,,,,,"babydragon_projectile_lvl2",,,,,,,,,,,,,,,,"BabyDragon_lvl2",,,,,,,,,,,,,,,,,,,,,,,,,1350,,,,,,,,,,,,,,,,,,,,,,,,,,,,,,,,,,,,,,,,,,,,,,,,2,3,,,,80,40,,,,,,,,
,,,,,,4,,799,,,,48,,,1000000,,,,53,,,,,,,,,"babydragon_projectile_lvl2",,,,,,,,,,,,,,,,"BabyDragon_lvl2",,,,,,,,,,,,,,,,,,,,,,,,,1365,,,,,,,,,,,,,,,,,,,,,,,,,,,,,,,,,,,,,,,,,,,,,,,,2,4,,,,100,50,,,,,,,,
,,,,,,5,,879,,,,72,,,1200000,,,,58,,,,,,,,,"babydragon_projectile_lvl2",,,,,,,,,,,,,,,,"BabyDragon_lvl3",,,,,,,,,,,,,,,,,,,,,,,,,1380,,,,,,,,,,,,,,,,,,,,,,,,,,,,,,,,,,,,,,,,,,,,,,,,2,4,,,,100,50,,,,,,,,
,,,,,,5,,879,,,,72,,,1400000,,,,58,,,,,,,,,"babydragon_projectile_lvl2",,,,,,,,,,,,,,,,"BabyDragon_lvl3",,,,,,,,,,,,,,,,,,,,,,,,,1395,,,,,,,,,,,,,,,,,,,,,,,,,,,,,,,,,,,,,,,,,,,,,,,,3,4,,,,100,50,,,,,,,,
,,,,,,6,,967,,,,96,,,1600000,,,,64,,,,,,,,,"babydragon_projectile_lvl2",,,,,,,,,,,,,,,,"BabyDragon_lvl3",,,,,,,,,,,,,,,,,,,,,,,,,1410,,,,,,,,,,,,,,,,,,,,,,,,,,,,,,,,,,,,,,,,,,,,,,,,3,4,,,,100,50,,,,,,,,
,,,,,,6,,967,,,,96,,,2400000,,,,64,,,,,,,,,"babydragon_projectile_lvl2",,,,,,,,,,,,,,,,"BabyDragon_lvl4",,,,,,,,,,,,,,,,,,,,,,,,,1425,,,,,,,,,,,,,,,,,,,,,,,,,,,,,,,,,,,,,,,,,,,,,,,,3,5,,,,120,60,,,,,,,,
,,,,,,7,,1064,,,,120,,,2600000,,,,70,,,,,,,,,"babydragon_projectile_lvl2",,,,,,,,,,,,,,,,"BabyDragon_lvl4",,,,,,,,,,,,,,,,,,,,,,,,,1440,,,,,,,,,,,,,,,,,,,,,,,,,,,,,,,,,,,,,,,,,,,,,,,,3,5,,,,120,60,,,,,,,,
,,,,,,7,,1064,,,,120,,,3400000,,,,70,,,,,,,,,"babydragon_projectile_lvl2",,,,,,,,,,,,,,,,"BabyDragon_lvl4",,,,,,,,,,,,,,,,,,,,,,,,,1455,,,,,,,,,,,,,,,,,,,,,,,,,,,,,,,,,,,,,,,,,,,,,,,,3,6,,,,140,70,,,,,,,,
,,,,,,8,,1170,,,,144,,,3600000,,,,77,,,,,,,,,"babydragon_projectile_lvl3",,,,,,,,,,,,,,,,"BabyDragon_lvl5",,,,,,,,,,,,,,,,,,,,,,,,,1470,,,,,,,,,,,,,,,,,,,,,,,,,,,,,,,,,,,,,,,,,,,,,,,,3,6,,,,140,70,,,,,,,,
,,,,,,8,,1170,,,,,,,,,,,77,,,,,,,,,"babydragon_projectile_lvl3",,,,,,,,,,,,,,,,"BabyDragon_lvl5",,,,,,,,,,,,,,,,,,,,,,,,,1485,,,,,,,,,,,,,,,,,,,,,,,,,,,,,,,,,,,,,,,,,,,,,,,,3,7,,,,140,70,,,,,,,,
"Dark Witch","TID_DARK_WITCH","TID_CHARACTER_INFO_DARK_WITCH","sc/characters.cs",12,8,5,150,200,60,"Elixir2",,12,,"Elixir2",600000,15,400,700,90,1,30,,,"sc/ui.sc","icon_unit_nightwitch","unit_nightwitch_big","sc/info_nightwitch.sc","Witch_projectile",,,,,"Warlock Deploy2","Warlock Attack2",,"Warlock Hit",,"false","true","true",,"Warlock Die",,"DarkWitch_lvl1",1,"false",,0,"TombStone_village2",,,,,,,,,150,"true",,,"Bat",2,6800,"Warlock Summon",3,20,,2572,,,,,,,,,,,,,,,,,,,,,,,-50,,,,,,,,,,1200,200,,"true",,,,,,,,,,,1,2,,"TID_WITCH2_ABILITY_NAME","TID_WITCH2_ABILITY_HELP","SpawnUnits",,,,,,,,,,
,,,,,,5,,200,,,,24,,,700000,,,,90,,,,,,,,,,,,,,,,,,,,,,,,,"DarkWitch_lvl1",,,,,,,,,,,,,,150,,,,,2,5600,,3,,,2700,,,,,,,,,,,,,,,,,,,,,,,,,,,,,,,,,,,,,,,,,,,,,,,,2,,,,,,,,,,,,,,
,,,,,,6,,220,,,,24,,,800000,,,,99,,,,,,,,,,,,,,,,,,,,,,,,,"DarkWitch_lvl1",,,,,,,,,,,,,,150,,,,,2,5600,,3,,,2835,,,,,,,,,,,,,,,,,,,,,,,,,,,,,,,,,,,,,,,,,,,,,,,,2,,,,,,,,,,,,,,
,,,,,,6,,220,,,,24,,,900000,,,,99,,,,,,,,,,,,,,,,,,,,,,,,,"DarkWitch_lvl1",,,,,,,,,,,,,,150,,,,,2,5600,,3,,,2976,,,,,,,,,,,,,,,,,,,,,,,,,,,,,,,,,,,,,,,,,,,,,,,,2,1,,,,2,,,,,,,,,
,,,,,,6,,242,,,,48,,,1000000,,,,109,,,,,,,,,,,,,,,,,,,,,,,,,"DarkWitch_lvl2",,,,,,,,,,,,,,150,,,,,2,5600,,3,,,3124,,,,,,,,,,,,,,,,,,,,,,,,,,,,,,,,,,,,,,,,,,,,,,,,2,1,,,,2,,,,,,,,,
,,,,,,6,,242,,,,48,,,1100000,,,,109,,,,,,,,,,,,,,,,,,,,,,,,,"DarkWitch_lvl2",,,,,,,,,,,,,,150,,,,,3,6800,,4,,,3280,,,,,,,,,,,,,,,,,,,,,,,,,,,,,,,,,,,,,,,,,,,,,,,,2,1,,,,2,,,,,,,,,
,,,,,,6,,266,,,,48,,,1200000,,,,120,,,,,,,,,,,,,,,,,,,,,,,,,"DarkWitch_lvl2",,,,,,,,,,,,,,150,,,,,3,6800,,4,,,3444,,,,,,,,,,,,,,,,,,,,,,,,,,,,,,,,,,,,,,,,,,,,,,,,2,1,,,,2,,,,,,,,,
,,,,,,6,,266,,,,72,,,1300000,,,,120,,,,,,,,,,,,,,,,,,,,,,,,,"DarkWitch_lvl2",,,,,,,,,,,,,,150,,,,,3,5600,,4,,,3616,,,,,,,,,,,,,,,,,,,,,,,,,,,,,,,,,,,,,,,,,,,,,,,,2,1,,,,2,,,,,,,,,
,,,,,,6,,293,,,,72,,,1400000,,,,132,,,,,,,,,,,,,,,,,,,,,,,,,"DarkWitch_lvl3",,,,,,,,,,,,,,150,,,,,3,5600,,4,,,3796,,,,,,,,,,,,,,,,,,,,,,,,,,,,,,,,,,,,,,,,,,,,,,,,2,1,,,,2,,,,,,,,,
,,,,,,6,,293,,,,96,,,1600000,,,,132,,,,,,,,,,,,,,,,,,,,,,,,,"DarkWitch_lvl3",,,,,,,,,,,,,,150,,,,,3,5600,,4,,,3985,,,,,,,,,,,,,,,,,,,,,,,,,,,,,,,,,,,,,,,,,,,,,,,,2,2,,,,4,,,,,,,,,
,,,,,,6,,322,,,,96,,,1800000,,,,145,,,,,,,,,,,,,,,,,,,,,,,,,"DarkWitch_lvl3",,,,,,,,,,,,,,150,,,,,3,5600,,4,,,4184,,,,,,,,,,,,,,,,,,,,,,,,,,,,,,,,,,,,,,,,,,,,,,,,2,2,,,,4,,,,,,,,,
,,,,,,6,,322,,,,120,,,2500000,,,,145,,,,,,,,,,,,,,,,,,,,,,,,,"DarkWitch_lvl3",,,,,,,,,,,,,,150,,,,,4,6800,,5,,,4393,,,,,,,,,,,,,,,,,,,,,,,,,,,,,,,,,,,,,,,,,,,,,,,,2,2,,,,4,,,,,,,,,
,,,,,,7,,354,,,,120,,,2700000,,,,160,,,,,,,,,,,,,,,,,,,,,,,,,"DarkWitch_lvl4",,,,,,,,,,,,,,150,,,,,4,6800,,5,,,4612,,,,,,,,,,,,,,,,,,,,,,,,,,,,,,,,,,,,,,,,,,,,,,,,2,2,,,,4,,,,,,,,,
,,,,,,7,,354,,,,144,,,3500000,,,,160,,,,,,,,,,,,,,,,,,,,,,,,,"DarkWitch_lvl4",,,,,,,,,,,,,,150,,,,,4,5600,,5,,,4842,,,,,,,,,,,,,,,,,,,,,,,,,,,,,,,,,,,,,,,,,,,,,,,,2,2,,,,4,,,,,,,,,
,,,,,,8,,389,,,,144,,,3700000,,,,176,,,,,,,,,,,,,,,,,,,,,,,,,"DarkWitch_lvl4",,,,,,,,,,,,,,150,,,,,4,5600,,5,,,5084,,,,,,,,,,,,,,,,,,,,,,,,,,,,,,,,,,,,,,,,,,,,,,,,2,2,,,,4,,,,,,,,,
,,,,,,8,,389,,,,,,,,,,,176,,,,,,,,,,,,,,,,,,,,,,,,,"DarkWitch_lvl4",,,,,,,,,,,,,,150,,,,,4,5600,,5,,,5338,,,,,,,,,,,,,,,,,,,,,,,,,,,,,,,,,,,,,,,,,,,,,,,,2,3,,,,6,,,,,,,,,
"Bat","TID_BAT","TID_CHARACTER_INFO_BAT","sc/characters.cs",1,1,1,700,10,,"Elixir2",,,,"Elixir2",50000,1,80,2000,20,1,,,,"sc/ui.sc","icon_unit_barbarian","unit_bat_big","sc/info_nightwitch.sc",,,,,,"Bat Deploy","Bat Attack",,"Bat Hit",,"true","true","true",,"Tinymite Die",,"Bat_lvl1",,"false",8,200,,,,,,"true",,"true",,,,,,,,,,,200,,,,,,,,,,,,,,,,,,,,,,,,-700,80,,,,,,,,,,200,100,1000,"true",,,,,,,,,,,1,,,,,,,,,,,,,,,
"MovingCannonSecondary","TID_MOVING_CANNON","TID_CHARACTER_INFO_MOVING_CANNON","sc/characters.cs",8,7,4,0,100,60,"Elixir2",,4,,"Elixir2",250000,1,450,1200,100,1,,,,"sc/ui.sc","icon_unit_movingCannon","unit_movingCannon_big","sc/info_moving_cannon.sc","Moving Cannon Cannonball",,,,,"Moving Cannon Deploy","Moving Cannon Attack",,"Moving Cannon Hit",,"false","false","true",,"Moving Cannon Die",,"BrokenCannon_lvl1",1,"false",,0,"TombStone_village2",,,,,"true",,"true",,,,,,,,,,,,,,,,,,,,,,,,,,,,,,,,,,,,-50,,,,,,,,,,100,100,600,"true",,,,,,,,,,,1,2,,,,,,,,,,,,,5,200
,,,,,,,,100,,,,,,,,,,,100,,1,,,,,,,,,,,,,,,,,,,,,,,"BrokenCannon_lvl1",,,,,,,,,,,,,,,,,,,,,,,,,,,,,,,,,,,,,,,,,,,,,,,,,,,,,,,,,,,,,,,,,,,,,,,,,,,,,,,,,,,,,,,
,,,,,,,,100,,,,,,,,,,,110,,1,,,,,,,,,,,,,,,,,,,,,,,"BrokenCannon_lvl1",,,,,,,,,,,,,,,,,,,,,,,,,,,,,,,,,,,,,,,,,,,,,,,,,,,,,,,,,,,,,,,,,,,,,,,,,,,,,,,,,,,,,,,
,,,,,,,,150,,,,,,,,,,,110,,2,,,,,,,,,,,,,,,,,,,,,,,"BrokenCannon_lvl1",,,,,,,,,,,,,,,,,,,,,,,,,,,,,,,,,,,,,,,,,,,,,,,,,,,,,,,,,,,,,,,,,,,,,,,,,,,,,,,,,,,,,,,
,,,,,,,,150,,,,,,,,,,,121,,2,,,,,,,,,,,,,,,,,,,,,,,"BrokenCannon_lvl2",,,,,,,,,,,,,,,,,,,,,,,,,,,,,,,,,,,,,,,,,,,,,,,,,,,,,,,,,,,,,,,,,,,,,,,,,,,,,,,,,,,,,,,
,,,,,,,,150,,,,,,,,,,,141,,2,,,,,,,,,,,,,,,,,,,,,,,"BrokenCannon_lvl2",,,,,,,,,,,,,,,,,,,,,,,,,,,,,,,,,,,,,,,,,,,,,,,,,,,,,,,,,,,,,,,,,,,,,,,,,,,,,,,,,,,,,,,
,,,,,,,,150,,,,,,,,,,,153,,2,,,,,,,,,,,,,,,,,,,,,,,"BrokenCannon_lvl2",,,,,,,,,,,,,,,,,,,,,,,,,,,,,,,,,,,,,,,,,,,,,,,,,,,,,,,,,,,,,,,,,,,,,,,,,,,,,,,,,,,,,,,
,,,,,,,,200,,,,,,,,,,,153,,3,,,,,,,,,,,,,,,,,,,,,,,"BrokenCannon_lvl2",,,,,,,,,,,,,,,,,,,,,,,,,,,,,,,,,,,,,,,,,,,,,,,,,,,,,,,,,,,,,,,,,,,,,,,,,,,,,,,,,,,,,,,
,,,,,,,,200,,,,,,,,,,,166,,3,,,,,,,,,,,,,,,,,,,,,,,"BrokenCannon_lvl3",,,,,,,,,,,,,,,,,,,,,,,,,,,,,,,,,,,,,,,,,,,,,,,,,,,,,,,,,,,,,,,,,,,,,,,,,,,,,,,,,,,,,,,
,,,,,,,,200,,,,,,,,,,,186,,3,,,,,,,,,,,,,,,,,,,,,,,"BrokenCannon_lvl3",,,,,,,,,,,,,,,,,,,,,,,,,,,,,,,,,,,,,,,,,,,,,,,,,,,,,,,,,,,,,,,,,,,,,,,,,,,,,,,,,,,,,,,
,,,,,,,,200,,,,,,,,,,,201,,3,,,,,,,,,,,,,,,,,,,,,,,"BrokenCannon_lvl3",,,,,,,,,,,,,,,,,,,,,,,,,,,,,,,,,,,,,,,,,,,,,,,,,,,,,,,,,,,,,,,,,,,,,,,,,,,,,,,,,,,,,,,
,,,,,,,,300,,,,,,,,,,,201,,3,,,,,,,,,,,,,,,,,,,,,,,"BrokenCannon_lvl3",,,,,,,,,,,,,,,,,,,,,,,,,,,,,,,,,,,,,,,,,,,,,,,,,,,,,,,,,,,,,,,,,,,,,,,,,,,,,,,,,,,,,,,
,,,,,,,,300,,,,,,,,,,,217,,3,,,,,,,,,,,,,,,,,,,,,,,"BrokenCannon_lvl4",,,,,,,,,,,,,,,,,,,,,,,,,,,,,,,,,,,,,,,,,,,,,,,,,,,,,,,,,,,,,,,,,,,,,,,,,,,,,,,,,,,,,,,
,,,,,,,,300,,,,,,,,,,,237,,4,,,,,,,,,,,,,,,,,,,,,,,"BrokenCannon_lvl4",,,,,,,,,,,,,,,,,,,,,,,,,,,,,,,,,,,,,,,,,,,,,,,,,,,,,,,,,,,,,,,,,,,,,,,,,,,,,,,,,,,,,,,
,,,,,,,,300,,,,,,,,,,,255,,4,,,,,,,,,,,,,,,,,,,,,,,"BrokenCannon_lvl4",,,,,,,,,,,,,,,,,,,,,,,,,,,,,,,,,,,,,,,,,,,,,,,,,,,,,,,,,,,,,,,,,,,,,,,,,,,,,,,,,,,,,,,
,,,,,,,,300,,,,,,,,,,,255,,4,,,,,,,,,,,,,,,,,,,,,,,"BrokenCannon_lvl4",,,,,,,,,,,,,,,,,,,,,,,,,,,,,,,,,,,,,,,,,,,,,,,,,,,,,,,,,,,,,,,,,,,,,,,,,,,,,,,,,,,,,,,
"BattleRam","TID_BATTLERAM","TID_CHARACTER_INFO_BATTLERAM","sc/characters.cs",5,3,1,400,300,120,"Elixir",250,24,,"Elixir",100000,2,100,64,6000,1,,,,"sc/ui.sc","icon_unit_battleram","unit_battleram_big","sc/info_battleram.sc",,,,,,"BattleRam Deploy",,,"BattleRam Attack",,"false","false","true",1,"Battle Ram Die",,"BattleRam_lvl1",1,"false",,0,,,,,,,"Barbarian_RAM",,4,75,"true",,,,,,,,,,,,,,,,,,,,,,,,,,,,,,,,,,,,,,,,,,,600,500,,"true",,,,,,,,,,,,,,,,,,,,,,"true","true","true",,
"Barbarian_RAM","TID_BARBARIAN","TID_CHARACTER_INFO_BARBARIAN","sc/characters.cs",1,1,1,200,45,20,"Elixir",25,6,,"Elixir",50000,1,40,1000,10,1,,,,"sc/ui.sc","icon_unit_barbarian","unit_barbarian_big","sc/info_battleram.sc",,,,,,"Barbarian Deploy","Barbarian Attack",,"Barbarian Hit",,"false","false","true",,"Barbarian Die",,"Barbarian",1,"false",,0,"TombStone",,,,,"true",,"true",,,,,,,,,,,,,100,,,,,,,,,,,,,,,,,,,,,,,-50,,,,,,,,,,100,100,,"true",,,,,,,,,,,,,,,,,,,,,,"true","true","true",,
